date,country,category,device_type,forecast,share
2021-01-01,Austria,Electronics,PC,8093.767838168116,0.001863149617063829
2021-01-01,Austria,Games,PC,22032.27232118401,0.0050717318014338805
2021-01-01,Belgium,Accessories,PC,0.0,0.0
2021-01-01,Belgium,Appliances,Mobile,0.0,0.0
2021-01-01,Belgium,Clothing,Mobile,0.0,0.0
2021-01-01,Belgium,Games,PC,0.0,0.0
2021-01-01,Belgium,Smartphones,PC,19468.046709808903,0.0044814583884297205
2021-01-01,Bulgaria,Accessories,PC,15677.664403145822,0.003608929118454613
2021-01-01,Bulgaria,Appliances,Mobile,0.0,0.0
2021-01-01,Bulgaria,Appliances,PC,0.0,0.0
2021-01-01,Bulgaria,Appliances,Unknown,0.0,0.0
2021-01-01,Bulgaria,Beauty,PC,0.0,0.0
2021-01-01,Bulgaria,Books,PC,40778.26080575007,0.009386975574772359
2021-01-01,Bulgaria,Books,Tablet,0.0,0.0
2021-01-01,Bulgaria,Clothing,Mobile,0.0,0.0
2021-01-01,Bulgaria,Clothing,PC,25235.30517588986,0.0058090558211006905
2021-01-01,Bulgaria,Electronics,Mobile,23663.474168882123,0.005447227263950188
2021-01-01,Bulgaria,Electronics,PC,19740.897204902576,0.004544267367586765
2021-01-01,Bulgaria,Games,PC,30326.89537131175,0.006981117401383592
2021-01-01,Bulgaria,Outdoors,Mobile,0.0,0.0
2021-01-01,Bulgaria,Outdoors,PC,0.0,0.0
2021-01-01,Bulgaria,Smartphones,PC,0.0,0.0
2021-01-01,Denmark,Appliances,PC,0.0,0.0
2021-01-01,Denmark,Books,PC,12586.89387612583,0.0028974473909094333
2021-01-01,Denmark,Clothing,PC,10427.490045798764,0.0024003621643494087
2021-01-01,Denmark,Electronics,PC,0.0,0.0
2021-01-01,Denmark,Games,PC,0.0,0.0
2021-01-01,Denmark,Smartphones,PC,0.0,0.0
2021-01-01,Finland,Accessories,PC,0.0,0.0
2021-01-01,Finland,Appliances,Mobile,0.0,0.0
2021-01-01,Finland,Appliances,PC,25661.55318156467,0.005907176229843103
2021-01-01,Finland,Appliances,Tablet,0.0,0.0
2021-01-01,Finland,Beauty,Mobile,0.0,0.0
2021-01-01,Finland,Beauty,PC,32568.297086051498,0.007497078178861087
2021-01-01,Finland,Beauty,Tablet,0.0,0.0
2021-01-01,Finland,Books,PC,0.0,0.0
2021-01-01,Finland,Clothing,Mobile,0.0,0.0
2021-01-01,Finland,Clothing,PC,0.0,0.0
2021-01-01,Finland,Clothing,Tablet,0.0,0.0
2021-01-01,Finland,Electronics,PC,8299.410484569298,0.0019104876462185014
2021-01-01,Finland,Electronics,Tablet,5257.944829198762,0.0012103556824137475
2021-01-01,Finland,Games,Mobile,0.0,0.0
2021-01-01,Finland,Games,PC,68748.3443410441,0.015825565298371487
2021-01-01,Finland,Games,Tablet,37324.983905150104,0.008592046480731972
2021-01-01,Finland,Other,PC,0.0,0.0
2021-01-01,Finland,Outdoors,PC,14734.148522226453,0.003391735928907131
2021-01-01,France,Accessories,Mobile,0.0,0.0
2021-01-01,France,Accessories,PC,0.0,0.0
2021-01-01,France,Appliances,Mobile,10027.72818057016,0.002308338748184068
2021-01-01,France,Appliances,PC,139474.65318282356,0.03210644929080438
2021-01-01,France,Appliances,Tablet,4135.370662355976,0.0009519440661062227
2021-01-01,France,Beauty,Mobile,30272.034731102885,0.0069684887242531445
2021-01-01,France,Beauty,PC,42171.85889193831,0.009707775700565215
2021-01-01,France,Beauty,Tablet,8013.800890537067,0.0018447415788255745
2021-01-01,France,Books,Mobile,19070.239740047175,0.0043898849805687114
2021-01-01,France,Books,PC,75169.31731653624,0.01730364492453149
2021-01-01,France,Books,Tablet,13312.904665541968,0.0030645718688202105
2021-01-01,France,Clothing,Mobile,11923.411226156531,0.0027447166145966578
2021-01-01,France,Clothing,PC,54346.43299654227,0.012510308900731975
2021-01-01,France,Clothing,Tablet,0.0,0.0
2021-01-01,France,Electronics,Mobile,51846.21833025176,0.01193477052463607
2021-01-01,France,Electronics,PC,149016.74192250578,0.03430299598411204
2021-01-01,France,Electronics,Tablet,0.0,0.0
2021-01-01,France,Games,PC,94001.91052183397,0.021638824722165873
2021-01-01,France,Games,Tablet,0.0,0.0
2021-01-01,France,Other,PC,18598.843787929607,0.0042813717139129105
2021-01-01,France,Outdoors,Mobile,43445.31170081092,0.010000918914040048
2021-01-01,France,Outdoors,PC,12205.239348973673,0.002809592204013542
2021-01-01,France,Outdoors,Tablet,0.0,0.0
2021-01-01,France,Smartphones,Mobile,0.0,0.0
2021-01-01,France,Smartphones,PC,134501.66050712316,0.030961688335875696
2021-01-01,France,Smartphones,Tablet,0.0,0.0
2021-01-01,Germany,Accessories,Mobile,5179.581085953833,0.0011923166947459814
2021-01-01,Germany,Accessories,PC,0.0,0.0
2021-01-01,Germany,Appliances,Mobile,26859.21022575944,0.006182871592977009
2021-01-01,Germany,Appliances,PC,38303.02254296903,0.008817186656477167
2021-01-01,Germany,Beauty,PC,0.0,0.0
2021-01-01,Germany,Books,PC,0.0,0.0
2021-01-01,Germany,Clothing,PC,25635.97636850743,0.005901288560415696
2021-01-01,Germany,Clothing,Tablet,0.0,0.0
2021-01-01,Germany,Electronics,Mobile,0.0,0.0
2021-01-01,Germany,Electronics,PC,9816.974924139702,0.0022598242791673443
2021-01-01,Germany,Games,PC,0.0,0.0
2021-01-01,Germany,Outdoors,Tablet,7750.26070391892,0.001784075791568491
2021-01-01,Germany,Smartphones,PC,0.0,0.0
2021-01-01,Ireland,Accessories,PC,0.0,0.0
2021-01-01,Ireland,Appliances,PC,5064.16462789963,0.0011657483357411075
2021-01-01,Ireland,Beauty,Mobile,12574.567262164954,0.002894609858805708
2021-01-01,Ireland,Beauty,PC,10899.59254846594,0.002509038075821847
2021-01-01,Ireland,Books,Mobile,12888.777895710062,0.0029669397592021903
2021-01-01,Ireland,Books,PC,0.0,0.0
2021-01-01,Ireland,Clothing,Mobile,0.0,0.0
2021-01-01,Ireland,Clothing,PC,0.0,0.0
2021-01-01,Ireland,Clothing,Tablet,0.0,0.0
2021-01-01,Ireland,Electronics,Mobile,0.0,0.0
2021-01-01,Ireland,Electronics,PC,15824.175422159298,0.0036426553080894735
2021-01-01,Ireland,Games,Mobile,0.0,0.0
2021-01-01,Ireland,Games,PC,9334.278915810479,0.0021487097894687637
2021-01-01,Ireland,Other,Mobile,0.0,0.0
2021-01-01,Ireland,Other,PC,0.0,0.0
2021-01-01,Ireland,Outdoors,Mobile,0.0,0.0
2021-01-01,Ireland,Outdoors,PC,0.0,0.0
2021-01-01,Ireland,Smartphones,Mobile,7999.471855287595,0.0018414430981832151
2021-01-01,Ireland,Smartphones,PC,65866.18999267109,0.015162106093973874
2021-01-01,Italy,Appliances,Mobile,0.0,0.0
2021-01-01,Italy,Books,Mobile,0.0,0.0
2021-01-01,Italy,Books,PC,0.0,0.0
2021-01-01,Italy,Books,Tablet,0.0,0.0
2021-01-01,Italy,Clothing,PC,0.0,0.0
2021-01-01,Italy,Games,PC,0.0,0.0
2021-01-01,Italy,Other,Mobile,17329.5890933092,0.003989194887801512
2021-01-01,Italy,Smartphones,PC,0.0,0.0
2021-01-01,Luxembourg,Accessories,PC,53152.56692872695,0.012235486203620975
2021-01-01,Luxembourg,Appliances,PC,0.0,0.0
2021-01-01,Luxembourg,Beauty,PC,0.0,0.0
2021-01-01,Luxembourg,Beauty,Tablet,0.0,0.0
2021-01-01,Luxembourg,Books,PC,71801.54729018615,0.01652839913537461
2021-01-01,Luxembourg,Clothing,PC,0.0,0.0
2021-01-01,Luxembourg,Electronics,Mobile,0.0,0.0
2021-01-01,Luxembourg,Electronics,PC,0.0,0.0
2021-01-01,Luxembourg,Games,PC,23503.052341850336,0.0054102988677348345
2021-01-01,Luxembourg,Outdoors,PC,0.0,0.0
2021-01-01,Luxembourg,Smartphones,PC,0.0,0.0
2021-01-01,Luxembourg,Smartphones,Tablet,0.0,0.0
2021-01-01,Netherlands,Appliances,PC,0.0,0.0
2021-01-01,Netherlands,Beauty,Tablet,0.0,0.0
2021-01-01,Netherlands,Books,PC,55267.35034923237,0.012722300008868372
2021-01-01,Netherlands,Books,Tablet,7959.223821064479,0.0018321781784264679
2021-01-01,Netherlands,Clothing,PC,0.0,0.0
2021-01-01,Netherlands,Electronics,PC,34787.24601841525,0.00800787042497936
2021-01-01,Netherlands,Games,Mobile,16741.50774369743,0.0038538211578849476
2021-01-01,Netherlands,Games,PC,23756.08773767365,0.005468546498536475
2021-01-01,Netherlands,Outdoors,Mobile,0.0,0.0
2021-01-01,Netherlands,Outdoors,PC,0.0,0.0
2021-01-01,Netherlands,Smartphones,Mobile,0.0,0.0
2021-01-01,Netherlands,Smartphones,PC,0.0,0.0
2021-01-01,Portugal,Accessories,Mobile,0.0,0.0
2021-01-01,Portugal,Accessories,PC,6787.86915080525,0.0015625375056303277
2021-01-01,Portugal,Appliances,Mobile,18383.504289702887,0.004231801512285947
2021-01-01,Portugal,Appliances,PC,186452.64159039292,0.04292057478366039
2021-01-01,Portugal,Appliances,Tablet,0.0,0.0
2021-01-01,Portugal,Beauty,Mobile,13855.327958224489,0.0031894353156418673
2021-01-01,Portugal,Beauty,PC,162037.38337897428,0.03730029015273689
2021-01-01,Portugal,Beauty,Tablet,12365.895636725962,0.0028465745720514567
2021-01-01,Portugal,Books,Mobile,15114.949168781653,0.003479394556260045
2021-01-01,Portugal,Books,PC,114182.72574293295,0.026284359274555077
2021-01-01,Portugal,Books,Unknown,0.0,0.0
2021-01-01,Portugal,Clothing,Mobile,0.0,0.0
2021-01-01,Portugal,Clothing,PC,123504.88715839814,0.02843027966895105
2021-01-01,Portugal,Clothing,Tablet,0.0,0.0
2021-01-01,Portugal,Electronics,Mobile,17819.242881938666,0.004101911027802054
2021-01-01,Portugal,Electronics,PC,83915.94895190668,0.019317080904890323
2021-01-01,Portugal,Electronics,Tablet,37963.57252970092,0.00873904676231683
2021-01-01,Portugal,Games,Mobile,23685.91903028782,0.0054523939719370255
2021-01-01,Portugal,Games,PC,74135.30118169796,0.017065618976149728
2021-01-01,Portugal,Games,Tablet,6641.196543997914,0.001528774119198837
2021-01-01,Portugal,Other,Mobile,7243.811289892562,0.0016674933727652635
2021-01-01,Portugal,Other,PC,46029.03398845084,0.010595680375829782
2021-01-01,Portugal,Outdoors,Mobile,0.0,0.0
2021-01-01,Portugal,Outdoors,PC,151567.4496059888,0.03489015762980594
2021-01-01,Portugal,Outdoors,Tablet,0.0,0.0
2021-01-01,Portugal,Smartphones,Mobile,0.0,0.0
2021-01-01,Portugal,Smartphones,PC,85567.872057876,0.019697346309562744
2021-01-01,Portugal,Smartphones,Tablet,44645.49553452728,0.010277195932964396
2021-01-01,Spain,Beauty,PC,10818.252104587096,0.002490313864812235
2021-01-01,Spain,Beauty,Tablet,9715.109662052771,0.0022363753456367368
2021-01-01,Spain,Books,PC,0.0,0.0
2021-01-01,Spain,Clothing,PC,34821.92085794432,0.00801585241992684
2021-01-01,Spain,Electronics,Mobile,0.0,0.0
2021-01-01,Spain,Electronics,PC,20817.87826677247,0.0047921836524529296
2021-01-01,Spain,Games,Mobile,19012.318436919344,0.0043765517523491485
2021-01-01,Spain,Games,PC,0.0,0.0
2021-01-01,Spain,Games,Tablet,0.0,0.0
2021-01-01,Spain,Other,PC,0.0,0.0
2021-01-01,Spain,Outdoors,PC,0.0,0.0
2021-01-01,Spain,Smartphones,Mobile,0.0,0.0
2021-01-01,Spain,Smartphones,PC,0.0,0.0
2021-01-01,Sweden,Accessories,PC,65961.53788040575,0.015184054756707062
2021-01-01,Sweden,Appliances,Mobile,19737.955356537925,0.004543590167083408
2021-01-01,Sweden,Appliances,PC,63248.97942685111,0.014559635778419757
2021-01-01,Sweden,Appliances,Tablet,14357.283013709914,0.0033049831529545063
2021-01-01,Sweden,Beauty,Mobile,11238.393042170504,0.002587028453446709
2021-01-01,Sweden,Beauty,PC,45990.691739678805,0.010586854159468584
2021-01-01,Sweden,Beauty,Tablet,0.0,0.0
2021-01-01,Sweden,Books,Mobile,2776.144834631836,0.0006390562824357844
2021-01-01,Sweden,Books,PC,115906.7043314105,0.026681211533128777
2021-01-01,Sweden,Books,Unknown,7632.578848362589,0.0017569859480618402
2021-01-01,Sweden,Clothing,Mobile,20743.63659646498,0.004775093547773712
2021-01-01,Sweden,Clothing,PC,74421.12781031606,0.017131415003945973
2021-01-01,Sweden,Clothing,Tablet,0.0,0.0
2021-01-01,Sweden,Clothing,Unknown,0.0,0.0
2021-01-01,Sweden,Electronics,Mobile,24368.66547999549,0.00560955918988729
2021-01-01,Sweden,Electronics,PC,64339.440395955695,0.014810655078408735
2021-01-01,Sweden,Electronics,Tablet,0.0,0.0
2021-01-01,Sweden,Games,Mobile,14890.898187433113,0.0034278190096853375
2021-01-01,Sweden,Games,PC,33030.140348002744,0.0076033924584219805
2021-01-01,Sweden,Games,Tablet,15575.8545878509,0.0035854929485306924
2021-01-01,Sweden,Other,PC,18127.51437196246,0.004172873763585136
2021-01-01,Sweden,Other,Tablet,0.0,0.0
2021-01-01,Sweden,Outdoors,Mobile,0.0,0.0
2021-01-01,Sweden,Outdoors,PC,24162.593517004745,0.005562122333949414
2021-01-01,Sweden,Outdoors,Tablet,0.0,0.0
2021-01-01,Sweden,Smartphones,Mobile,0.0,0.0
2021-01-01,Sweden,Smartphones,PC,78171.92110748391,0.017994831058746667
2021-01-01,Sweden,Smartphones,Tablet,0.0,0.0
2021-01-01,UK,Accessories,PC,48729.387810987006,0.011217289901948068
2021-01-01,UK,Appliances,Mobile,50594.429375114545,0.01164661423463103
2021-01-01,UK,Appliances,PC,29540.854716477344,0.006800174313524676
2021-01-01,UK,Beauty,Mobile,0.0,0.0
2021-01-01,UK,Beauty,PC,0.0,0.0
2021-01-01,UK,Beauty,Tablet,14603.06280075019,0.0033615605746525525
2021-01-01,UK,Books,Mobile,12218.69074071533,0.0028126886549957723
2021-01-01,UK,Books,PC,86615.54394548935,0.01993851575193424
2021-01-01,UK,Clothing,Mobile,0.0,0.0
2021-01-01,UK,Clothing,PC,32051.654967459617,0.007378149444474339
2021-01-01,UK,Clothing,Tablet,0.0,0.0
2021-01-01,UK,Electronics,Mobile,0.0,0.0
2021-01-01,UK,Electronics,PC,60606.852656895855,0.01395142986269505
2021-01-01,UK,Electronics,Tablet,0.0,0.0
2021-01-01,UK,Games,PC,15856.985665282773,0.003650208081177799
2021-01-01,UK,Games,Unknown,0.0,0.0
2021-01-01,UK,Other,Mobile,0.0,0.0
2021-01-01,UK,Other,PC,0.0,0.0
2021-01-01,UK,Outdoors,Mobile,0.0,0.0
2021-01-01,UK,Outdoors,PC,19681.220614759117,0.004530530080046945
2021-01-01,UK,Smartphones,PC,35907.10962922578,0.008265658083257138
2021-01-01,UK,Smartphones,Tablet,5504.876325318792,0.0012671982224564035
2021-02-01,Austria,Electronics,PC,7534.390573507392,0.001863149617063829
2021-02-01,Austria,Games,PC,20509.575788283022,0.0050717318014338805
2021-02-01,Belgium,Accessories,PC,0.0,0.0
2021-02-01,Belgium,Appliances,Mobile,0.0,0.0
2021-02-01,Belgium,Clothing,Mobile,0.0,0.0
2021-02-01,Belgium,Games,PC,0.0,0.0
2021-02-01,Belgium,Smartphones,PC,18122.569185056363,0.0044814583884297205
2021-02-01,Bulgaria,Accessories,PC,14594.148146508864,0.003608929118454613
2021-02-01,Bulgaria,Appliances,Mobile,0.0,0.0
2021-02-01,Bulgaria,Appliances,PC,0.0,0.0
2021-02-01,Bulgaria,Appliances,Unknown,0.0,0.0
2021-02-01,Bulgaria,Beauty,PC,0.0,0.0
2021-02-01,Bulgaria,Books,PC,37959.98970590779,0.009386975574772359
2021-02-01,Bulgaria,Books,Tablet,0.0,0.0
2021-02-01,Bulgaria,Clothing,Mobile,0.0,0.0
2021-02-01,Bulgaria,Clothing,PC,23491.24032693283,0.0058090558211006905
2021-02-01,Bulgaria,Electronics,Mobile,22028.041856314714,0.005447227263950188
2021-02-01,Bulgaria,Electronics,PC,18376.562410376737,0.004544267367586765
2021-02-01,Bulgaria,Games,PC,28230.940048939185,0.006981117401383592
2021-02-01,Bulgaria,Outdoors,Mobile,0.0,0.0
2021-02-01,Bulgaria,Outdoors,PC,0.0,0.0
2021-02-01,Bulgaria,Smartphones,PC,0.0,0.0
2021-02-01,Denmark,Appliances,PC,0.0,0.0
2021-02-01,Denmark,Books,PC,11716.987250709743,0.0028974473909094333
2021-02-01,Denmark,Clothing,PC,9706.824346494986,0.0024003621643494087
2021-02-01,Denmark,Electronics,PC,0.0,0.0
2021-02-01,Denmark,Games,PC,0.0,0.0
2021-02-01,Denmark,Smartphones,PC,0.0,0.0
2021-02-01,Finland,Accessories,PC,0.0,0.0
2021-02-01,Finland,Appliances,Mobile,0.0,0.0
2021-02-01,Finland,Appliances,PC,23888.029439265403,0.005907176229843103
2021-02-01,Finland,Appliances,Tablet,0.0,0.0
2021-02-01,Finland,Beauty,Mobile,0.0,0.0
2021-02-01,Finland,Beauty,PC,30317.433791858384,0.007497078178861087
2021-02-01,Finland,Beauty,Tablet,0.0,0.0
2021-02-01,Finland,Books,PC,0.0,0.0
2021-02-01,Finland,Clothing,Mobile,0.0,0.0
2021-02-01,Finland,Clothing,PC,0.0,0.0
2021-02-01,Finland,Clothing,Tablet,0.0,0.0
2021-02-01,Finland,Electronics,PC,7725.820825466145,0.0019104876462185014
2021-02-01,Finland,Electronics,Tablet,4894.557238264366,0.0012103556824137475
2021-02-01,Finland,Games,Mobile,0.0,0.0
2021-02-01,Finland,Games,PC,63997.00212609977,0.015825565298371487
2021-02-01,Finland,Games,Tablet,34745.37601203638,0.008592046480731972
2021-02-01,Finland,Other,PC,0.0,0.0
2021-02-01,Finland,Outdoors,PC,13715.84062629188,0.003391735928907131
2021-02-01,France,Accessories,Mobile,0.0,0.0
2021-02-01,France,Accessories,PC,0.0,0.0
2021-02-01,France,Appliances,Mobile,9334.69086191164,0.002308338748184068
2021-02-01,France,Appliances,PC,129835.26747929573,0.03210644929080438
2021-02-01,France,Appliances,Tablet,3849.5665256770994,0.0009519440661062227
2021-02-01,France,Beauty,Mobile,28179.87094259578,0.0069684887242531445
2021-02-01,France,Beauty,PC,39257.27330654676,0.009707775700565215
2021-02-01,France,Beauty,Tablet,7459.950309285543,0.0018447415788255745
2021-02-01,France,Books,Mobile,17752.25548901555,0.0043898849805687114
2021-02-01,France,Books,PC,69974.20819706649,0.01730364492453149
2021-02-01,France,Books,Tablet,12392.821912317686,0.0030645718688202105
2021-02-01,France,Clothing,Mobile,11099.359277735191,0.0027447166145966578
2021-02-01,France,Clothing,PC,50590.437069612686,0.012510308900731975
2021-02-01,France,Clothing,Tablet,0.0,0.0
2021-02-01,France,Electronics,Mobile,48263.01748085071,0.01193477052463607
2021-02-01,France,Electronics,PC,138717.88246026912,0.03430299598411204
2021-02-01,France,Electronics,Tablet,0.0,0.0
2021-02-01,France,Games,PC,87505.24140159802,0.021638824722165873
2021-02-01,France,Games,Tablet,0.0,0.0
2021-02-01,France,Other,PC,17313.43869947591,0.0042813717139129105
2021-02-01,France,Outdoors,Mobile,40442.71512188154,0.010000918914040048
2021-02-01,France,Outdoors,PC,11361.709668104599,0.002809592204013542
2021-02-01,France,Outdoors,Tablet,0.0,0.0
2021-02-01,France,Smartphones,Mobile,0.0,0.0
2021-02-01,France,Smartphones,PC,125205.96875377177,0.030961688335875696
2021-02-01,France,Smartphones,Tablet,0.0,0.0
2021-02-01,Germany,Accessories,Mobile,4821.609377612241,0.0011923166947459814
2021-02-01,Germany,Accessories,PC,0.0,0.0
2021-02-01,Germany,Appliances,Mobile,25002.913894132365,0.006182871592977009
2021-02-01,Germany,Appliances,PC,35655.82034904331,0.008817186656477167
2021-02-01,Germany,Beauty,PC,0.0,0.0
2021-02-01,Germany,Books,PC,0.0,0.0
2021-02-01,Germany,Clothing,PC,23864.2202933828,0.005901288560415696
2021-02-01,Germany,Clothing,Tablet,0.0,0.0
2021-02-01,Germany,Electronics,Mobile,0.0,0.0
2021-02-01,Germany,Electronics,PC,9138.50320489762,0.0022598242791673443
2021-02-01,Germany,Games,PC,0.0,0.0
2021-02-01,Germany,Outdoors,Tablet,7214.623937501996,0.001784075791568491
2021-02-01,Germany,Smartphones,PC,0.0,0.0
2021-02-01,Ireland,Accessories,PC,0.0,0.0
2021-02-01,Ireland,Appliances,PC,4714.169592955899,0.0011657483357411075
2021-02-01,Ireland,Beauty,Mobile,11705.512554883637,0.002894609858805708
2021-02-01,Ireland,Beauty,PC,10146.298855394403,0.002509038075821847
2021-02-01,Ireland,Books,Mobile,11998.007432771543,0.0029669397592021903
2021-02-01,Ireland,Books,PC,0.0,0.0
2021-02-01,Ireland,Clothing,Mobile,0.0,0.0
2021-02-01,Ireland,Clothing,PC,0.0,0.0
2021-02-01,Ireland,Clothing,Tablet,0.0,0.0
2021-02-01,Ireland,Electronics,Mobile,0.0,0.0
2021-02-01,Ireland,Electronics,PC,14730.533481823837,0.0036426553080894735
2021-02-01,Ireland,Games,Mobile,0.0,0.0
2021-02-01,Ireland,Games,PC,8689.167329722766,0.0021487097894687637
2021-02-01,Ireland,Other,Mobile,0.0,0.0
2021-02-01,Ireland,Other,PC,0.0,0.0
2021-02-01,Ireland,Outdoors,Mobile,0.0,0.0
2021-02-01,Ireland,Outdoors,PC,0.0,0.0
2021-02-01,Ireland,Smartphones,Mobile,7446.611583704366,0.0018414430981832151
2021-02-01,Ireland,Smartphones,PC,61314.0395074574,0.015162106093973874
2021-02-01,Italy,Appliances,Mobile,0.0,0.0
2021-02-01,Italy,Books,Mobile,0.0,0.0
2021-02-01,Italy,Books,PC,0.0,0.0
2021-02-01,Italy,Books,Tablet,0.0,0.0
2021-02-01,Italy,Clothing,PC,0.0,0.0
2021-02-01,Italy,Games,PC,0.0,0.0
2021-02-01,Italy,Other,Mobile,16131.904857915608,0.003989194887801512
2021-02-01,Italy,Smartphones,PC,0.0,0.0
2021-02-01,Luxembourg,Accessories,PC,49479.08158879943,0.012235486203620975
2021-02-01,Luxembourg,Appliances,PC,0.0,0.0
2021-02-01,Luxembourg,Beauty,PC,0.0,0.0
2021-02-01,Luxembourg,Beauty,Tablet,0.0,0.0
2021-02-01,Luxembourg,Books,PC,66839.19181809215,0.01652839913537461
2021-02-01,Luxembourg,Clothing,PC,0.0,0.0
2021-02-01,Luxembourg,Electronics,Mobile,0.0,0.0
2021-02-01,Luxembourg,Electronics,PC,0.0,0.0
2021-02-01,Luxembourg,Games,PC,21878.707118088925,0.0054102988677348345
2021-02-01,Luxembourg,Outdoors,PC,0.0,0.0
2021-02-01,Luxembourg,Smartphones,PC,0.0,0.0
2021-02-01,Luxembourg,Smartphones,Tablet,0.0,0.0
2021-02-01,Netherlands,Appliances,PC,0.0,0.0
2021-02-01,Netherlands,Beauty,Tablet,0.0,0.0
2021-02-01,Netherlands,Books,PC,51447.70789326631,0.012722300008868372
2021-02-01,Netherlands,Books,Tablet,7409.145175510296,0.0018321781784264679
2021-02-01,Netherlands,Clothing,PC,0.0,0.0
2021-02-01,Netherlands,Electronics,PC,32383.026511266024,0.00800787042497936
2021-02-01,Netherlands,Games,Mobile,15584.46704334478,0.0038538211578849476
2021-02-01,Netherlands,Games,PC,22114.25470719378,0.005468546498536475
2021-02-01,Netherlands,Outdoors,Mobile,0.0,0.0
2021-02-01,Netherlands,Outdoors,PC,0.0,0.0
2021-02-01,Netherlands,Smartphones,Mobile,0.0,0.0
2021-02-01,Netherlands,Smartphones,PC,0.0,0.0
2021-02-01,Portugal,Accessories,Mobile,0.0,0.0
2021-02-01,Portugal,Accessories,PC,6318.745282370726,0.0015625375056303277
2021-02-01,Portugal,Appliances,Mobile,17112.981765451666,0.004231801512285947
2021-02-01,Portugal,Appliances,PC,173566.5086141342,0.04292057478366039
2021-02-01,Portugal,Appliances,Tablet,0.0,0.0
2021-02-01,Portugal,Beauty,Mobile,12897.757194000167,0.0031894353156418673
2021-02-01,Portugal,Beauty,PC,150838.6400866504,0.03730029015273689
2021-02-01,Portugal,Beauty,Tablet,11511.262662978923,0.0028465745720514567
2021-02-01,Portugal,Books,Mobile,14070.323341778367,0.003479394556260045
2021-02-01,Portugal,Books,PC,106291.31817174127,0.026284359274555077
2021-02-01,Portugal,Books,Unknown,0.0,0.0
2021-02-01,Portugal,Clothing,Mobile,0.0,0.0
2021-02-01,Portugal,Clothing,PC,114969.20546697312,0.02843027966895105
2021-02-01,Portugal,Clothing,Tablet,0.0,0.0
2021-02-01,Portugal,Electronics,Mobile,16587.717646606496,0.004101911027802054
2021-02-01,Portugal,Electronics,PC,78116.34178195964,0.019317080904890323
2021-02-01,Portugal,Electronics,Tablet,35339.83043788185,0.00873904676231683
2021-02-01,Portugal,Games,Mobile,22048.935506290847,0.0054523939719370255
2021-02-01,Portugal,Games,PC,69011.65508522144,0.017065618976149728
2021-02-01,Portugal,Games,Tablet,6182.209526933113,0.001528774119198837
2021-02-01,Portugal,Other,Mobile,6743.176304299043,0.0016674933727652635
2021-02-01,Portugal,Other,PC,42847.87094519969,0.010595680375829782
2021-02-01,Portugal,Outdoors,Mobile,0.0,0.0
2021-02-01,Portugal,Outdoors,PC,141092.30538794197,0.03489015762980594
2021-02-01,Portugal,Outdoors,Tablet,0.0,0.0
2021-02-01,Portugal,Smartphones,Mobile,0.0,0.0
2021-02-01,Portugal,Smartphones,PC,79654.0970186593,0.019697346309562744
2021-02-01,Portugal,Smartphones,Tablet,41559.95173454861,0.010277195932964396
2021-02-01,Spain,Beauty,PC,10070.580020130112,0.002490313864812235
2021-02-01,Spain,Beauty,Tablet,9043.678064643864,0.0022363753456367368
2021-02-01,Spain,Books,PC,0.0,0.0
2021-02-01,Spain,Clothing,PC,32415.304899936098,0.00801585241992684
2021-02-01,Spain,Electronics,Mobile,0.0,0.0
2021-02-01,Spain,Electronics,PC,19379.11105306613,0.0047921836524529296
2021-02-01,Spain,Games,Mobile,17698.337248584485,0.0043765517523491485
2021-02-01,Spain,Games,PC,0.0,0.0
2021-02-01,Spain,Games,Tablet,0.0,0.0
2021-02-01,Spain,Other,PC,0.0,0.0
2021-02-01,Spain,Outdoors,PC,0.0,0.0
2021-02-01,Spain,Smartphones,Mobile,0.0,0.0
2021-02-01,Spain,Smartphones,PC,0.0,0.0
2021-02-01,Sweden,Accessories,PC,61402.79770276468,0.015184054756707062
2021-02-01,Sweden,Appliances,Mobile,18373.823879320436,0.004543590167083408
2021-02-01,Sweden,Appliances,PC,58877.70985107562,0.014559635778419757
2021-02-01,Sweden,Appliances,Tablet,13365.021083203805,0.0033049831529545063
2021-02-01,Sweden,Beauty,Mobile,10461.68413665113,0.002587028453446709
2021-02-01,Sweden,Beauty,PC,42812.178609628514,0.010586854159468584
2021-02-01,Sweden,Beauty,Tablet,0.0,0.0
2021-02-01,Sweden,Books,Mobile,2584.2796446550215,0.0006390562824357844
2021-02-01,Sweden,Books,PC,107896.14898548175,0.026681211533128777
2021-02-01,Sweden,Books,Unknown,7105.075321714524,0.0017569859480618402
2021-02-01,Sweden,Clothing,Mobile,19310.000380248413,0.004775093547773712
2021-02-01,Sweden,Clothing,PC,69277.72763627266,0.017131415003945973
2021-02-01,Sweden,Clothing,Tablet,0.0,0.0
2021-02-01,Sweden,Clothing,Unknown,0.0,0.0
2021-02-01,Sweden,Electronics,Mobile,22684.495917415436,0.00560955918988729
2021-02-01,Sweden,Electronics,PC,59892.80677634879,0.014810655078408735
2021-02-01,Sweden,Electronics,Tablet,0.0,0.0
2021-02-01,Sweden,Games,Mobile,13861.756993495315,0.0034278190096853375
2021-02-01,Sweden,Games,PC,30747.358097677235,0.0076033924584219805
2021-02-01,Sweden,Games,Tablet,14499.374621003071,0.0035854929485306924
2021-02-01,Sweden,Other,PC,16874.683847633834,0.004172873763585136
2021-02-01,Sweden,Other,Tablet,0.0,0.0
2021-02-01,Sweden,Outdoors,Mobile,0.0,0.0
2021-02-01,Sweden,Outdoors,PC,22492.666019836728,0.005562122333949414
2021-02-01,Sweden,Outdoors,Tablet,0.0,0.0
2021-02-01,Sweden,Smartphones,Mobile,0.0,0.0
2021-02-01,Sweden,Smartphones,PC,72769.29574477332,0.017994831058746667
2021-02-01,Sweden,Smartphones,Tablet,0.0,0.0
2021-02-01,UK,Accessories,PC,45361.59765350814,0.011217289901948068
2021-02-01,UK,Appliances,Mobile,47097.7422848993,0.01164661423463103
2021-02-01,UK,Appliances,PC,27499.22431177043,0.006800174313524676
2021-02-01,UK,Beauty,Mobile,0.0,0.0
2021-02-01,UK,Beauty,PC,0.0,0.0
2021-02-01,UK,Beauty,Tablet,13593.8145138607,0.0033615605746525525
2021-02-01,UK,Books,Mobile,11374.231405960849,0.0028126886549957723
2021-02-01,UK,Books,PC,80629.36210557453,0.01993851575193424
2021-02-01,UK,Clothing,Mobile,0.0,0.0
2021-02-01,UK,Clothing,PC,29836.497893272426,0.007378149444474339
2021-02-01,UK,Clothing,Tablet,0.0,0.0
2021-02-01,UK,Electronics,Mobile,0.0,0.0
2021-02-01,UK,Electronics,PC,56418.186001665585,0.01395142986269505
2021-02-01,UK,Electronics,Tablet,0.0,0.0
2021-02-01,UK,Games,PC,14761.076140255209,0.003650208081177799
2021-02-01,UK,Games,Unknown,0.0,0.0
2021-02-01,UK,Other,Mobile,0.0,0.0
2021-02-01,UK,Other,PC,0.0,0.0
2021-02-01,UK,Outdoors,Mobile,0.0,0.0
2021-02-01,UK,Outdoors,PC,18321.01019449582,0.004530530080046945
2021-02-01,UK,Smartphones,PC,33425.494000031365,0.008265658083257138
2021-02-01,UK,Smartphones,Tablet,5124.422780971842,0.0012671982224564035
2021-03-01,Austria,Electronics,PC,7750.678076810181,0.001863149617063829
2021-03-01,Austria,Games,PC,21098.33806411259,0.0050717318014338805
2021-03-01,Belgium,Accessories,PC,0.0,0.0
2021-03-01,Belgium,Appliances,Mobile,0.0,0.0
2021-03-01,Belgium,Clothing,Mobile,0.0,0.0
2021-03-01,Belgium,Games,PC,0.0,0.0
2021-03-01,Belgium,Smartphones,PC,18642.80837417544,0.0044814583884297205
2021-03-01,Bulgaria,Accessories,PC,15013.098005113023,0.003608929118454613
2021-03-01,Bulgaria,Appliances,Mobile,0.0,0.0
2021-03-01,Bulgaria,Appliances,PC,0.0,0.0
2021-03-01,Bulgaria,Appliances,Unknown,0.0,0.0
2021-03-01,Bulgaria,Beauty,PC,0.0,0.0
2021-03-01,Bulgaria,Books,PC,39049.69581004308,0.009386975574772359
2021-03-01,Bulgaria,Books,Tablet,0.0,0.0
2021-03-01,Bulgaria,Clothing,Mobile,0.0,0.0
2021-03-01,Bulgaria,Clothing,PC,24165.596357487386,0.0058090558211006905
2021-03-01,Bulgaria,Electronics,Mobile,22660.394284725357,0.005447227263950188
2021-03-01,Bulgaria,Electronics,PC,18904.092907269733,0.004544267367586765
2021-03-01,Bulgaria,Games,PC,29041.357225949603,0.006981117401383592
2021-03-01,Bulgaria,Outdoors,Mobile,0.0,0.0
2021-03-01,Bulgaria,Outdoors,PC,0.0,0.0
2021-03-01,Bulgaria,Smartphones,PC,0.0,0.0
2021-03-01,Denmark,Appliances,PC,0.0,0.0
2021-03-01,Denmark,Books,PC,12053.343309499362,0.0028974473909094333
2021-03-01,Denmark,Clothing,PC,9985.475258260076,0.0024003621643494087
2021-03-01,Denmark,Electronics,PC,0.0,0.0
2021-03-01,Denmark,Games,PC,0.0,0.0
2021-03-01,Denmark,Smartphones,PC,0.0,0.0
2021-03-01,Finland,Accessories,PC,0.0,0.0
2021-03-01,Finland,Appliances,Mobile,0.0,0.0
2021-03-01,Finland,Appliances,PC,24573.775976538032,0.005907176229843103
2021-03-01,Finland,Appliances,Tablet,0.0,0.0
2021-03-01,Finland,Beauty,Mobile,0.0,0.0
2021-03-01,Finland,Beauty,PC,31187.747322516796,0.007497078178861087
2021-03-01,Finland,Beauty,Tablet,0.0,0.0
2021-03-01,Finland,Books,PC,0.0,0.0
2021-03-01,Finland,Clothing,Mobile,0.0,0.0
2021-03-01,Finland,Clothing,PC,0.0,0.0
2021-03-01,Finland,Clothing,Tablet,0.0,0.0
2021-03-01,Finland,Electronics,PC,7947.603659923966,0.0019104876462185014
2021-03-01,Finland,Electronics,Tablet,5035.06383325815,0.0012103556824137475
2021-03-01,Finland,Games,Mobile,0.0,0.0
2021-03-01,Finland,Games,PC,65834.14498107573,0.015825565298371487
2021-03-01,Finland,Games,Tablet,35742.80115951737,0.008592046480731972
2021-03-01,Finland,Other,PC,0.0,0.0
2021-03-01,Finland,Outdoors,PC,14109.577172840281,0.003391735928907131
2021-03-01,France,Accessories,Mobile,0.0,0.0
2021-03-01,France,Accessories,PC,0.0,0.0
2021-03-01,France,Appliances,Mobile,9602.6590487117,0.002308338748184068
2021-03-01,France,Appliances,PC,133562.40978361006,0.03210644929080438
2021-03-01,France,Appliances,Tablet,3960.0748839196817,0.0009519440661062227
2021-03-01,France,Beauty,Mobile,28988.822094000123,0.0069684887242531445
2021-03-01,France,Beauty,PC,40384.22014413227,0.009707775700565215
2021-03-01,France,Beauty,Tablet,7674.100878122742,0.0018447415788255745
2021-03-01,France,Books,Mobile,18261.864193296595,0.0043898849805687114
2021-03-01,France,Books,PC,71982.93692421126,0.01730364492453149
2021-03-01,France,Books,Tablet,12748.578955192024,0.0030645718688202105
2021-03-01,France,Clothing,Mobile,11417.98527449241,0.0027447166145966578
2021-03-01,France,Clothing,PC,52042.721659591094,0.012510308900731975
2021-03-01,France,Clothing,Tablet,0.0,0.0
2021-03-01,France,Electronics,Mobile,49648.48953077294,0.01193477052463607
2021-03-01,France,Electronics,PC,142700.0153438866,0.03430299598411204
2021-03-01,France,Electronics,Tablet,0.0,0.0
2021-03-01,France,Games,PC,90017.22827087561,0.021638824722165873
2021-03-01,France,Games,Tablet,0.0,0.0
2021-03-01,France,Other,PC,17810.450421042704,0.0042813717139129105
2021-03-01,France,Outdoors,Mobile,41603.69208413977,0.010000918914040048
2021-03-01,France,Outdoors,PC,11687.866879280544,0.002809592204013542
2021-03-01,France,Outdoors,Tablet,0.0,0.0
2021-03-01,France,Smartphones,Mobile,0.0,0.0
2021-03-01,France,Smartphones,PC,128800.21916011271,0.030961688335875696
2021-03-01,France,Smartphones,Tablet,0.0,0.0
2021-03-01,Germany,Accessories,Mobile,4960.021880124649,0.0011923166947459814
2021-03-01,Germany,Accessories,PC,0.0,0.0
2021-03-01,Germany,Appliances,Mobile,25720.66508697225,0.006182871592977009
2021-03-01,Germany,Appliances,PC,36679.38135059587,0.008817186656477167
2021-03-01,Germany,Beauty,PC,0.0,0.0
2021-03-01,Germany,Books,PC,0.0,0.0
2021-03-01,Germany,Clothing,PC,24549.283348604895,0.005901288560415696
2021-03-01,Germany,Clothing,Tablet,0.0,0.0
2021-03-01,Germany,Electronics,Mobile,0.0,0.0
2021-03-01,Germany,Electronics,PC,9400.839491134468,0.0022598242791673443
2021-03-01,Germany,Games,PC,0.0,0.0
2021-03-01,Germany,Outdoors,Tablet,7421.731995345144,0.001784075791568491
2021-03-01,Germany,Smartphones,PC,0.0,0.0
2021-03-01,Ireland,Accessories,PC,0.0,0.0
2021-03-01,Ireland,Appliances,PC,4849.497853610657,0.0011657483357411075
2021-03-01,Ireland,Beauty,Mobile,12041.53921300214,0.002894609858805708
2021-03-01,Ireland,Beauty,PC,10437.56563082726,0.002509038075821847
2021-03-01,Ireland,Books,Mobile,12342.430654122334,0.0029669397592021903
2021-03-01,Ireland,Books,PC,0.0,0.0
2021-03-01,Ireland,Clothing,Mobile,0.0,0.0
2021-03-01,Ireland,Clothing,PC,0.0,0.0
2021-03-01,Ireland,Clothing,Tablet,0.0,0.0
2021-03-01,Ireland,Electronics,Mobile,0.0,0.0
2021-03-01,Ireland,Electronics,PC,15153.39851357632,0.0036426553080894735
2021-03-01,Ireland,Games,Mobile,0.0,0.0
2021-03-01,Ireland,Games,PC,8938.604664991015,0.0021487097894687637
2021-03-01,Ireland,Other,Mobile,0.0,0.0
2021-03-01,Ireland,Other,PC,0.0,0.0
2021-03-01,Ireland,Outdoors,Mobile,0.0,0.0
2021-03-01,Ireland,Outdoors,PC,0.0,0.0
2021-03-01,Ireland,Smartphones,Mobile,7660.379241724154,0.0018414430981832151
2021-03-01,Ireland,Smartphones,PC,63074.163354647746,0.015162106093973874
2021-03-01,Italy,Appliances,Mobile,0.0,0.0
2021-03-01,Italy,Books,Mobile,0.0,0.0
2021-03-01,Italy,Books,PC,0.0,0.0
2021-03-01,Italy,Books,Tablet,0.0,0.0
2021-03-01,Italy,Clothing,PC,0.0,0.0
2021-03-01,Italy,Games,PC,0.0,0.0
2021-03-01,Italy,Other,Mobile,16594.99863984739,0.003989194887801512
2021-03-01,Italy,Smartphones,PC,0.0,0.0
2021-03-01,Luxembourg,Accessories,PC,50899.46282841635,0.012235486203620975
2021-03-01,Luxembourg,Appliances,PC,0.0,0.0
2021-03-01,Luxembourg,Beauty,PC,0.0,0.0
2021-03-01,Luxembourg,Beauty,Tablet,0.0,0.0
2021-03-01,Luxembourg,Books,PC,68757.924564964,0.01652839913537461
2021-03-01,Luxembourg,Clothing,PC,0.0,0.0
2021-03-01,Luxembourg,Electronics,Mobile,0.0,0.0
2021-03-01,Luxembourg,Electronics,PC,0.0,0.0
2021-03-01,Luxembourg,Games,PC,22506.772638703627,0.0054102988677348345
2021-03-01,Luxembourg,Outdoors,PC,0.0,0.0
2021-03-01,Luxembourg,Smartphones,PC,0.0,0.0
2021-03-01,Luxembourg,Smartphones,Tablet,0.0,0.0
2021-03-01,Netherlands,Appliances,PC,0.0,0.0
2021-03-01,Netherlands,Beauty,Tablet,0.0,0.0
2021-03-01,Netherlands,Books,PC,52924.60190112576,0.012722300008868372
2021-03-01,Netherlands,Books,Tablet,7621.837296523214,0.0018321781784264679
2021-03-01,Netherlands,Clothing,PC,0.0,0.0
2021-03-01,Netherlands,Electronics,PC,33312.63639612354,0.00800787042497936
2021-03-01,Netherlands,Games,Mobile,16031.845691189486,0.0038538211578849476
2021-03-01,Netherlands,Games,PC,22749.08202220438,0.005468546498536475
2021-03-01,Netherlands,Outdoors,Mobile,0.0,0.0
2021-03-01,Netherlands,Outdoors,PC,0.0,0.0
2021-03-01,Netherlands,Smartphones,Mobile,0.0,0.0
2021-03-01,Netherlands,Smartphones,PC,0.0,0.0
2021-03-01,Portugal,Accessories,Mobile,0.0,0.0
2021-03-01,Portugal,Accessories,PC,6500.135618828162,0.0015625375056303277
2021-03-01,Portugal,Appliances,Mobile,17604.239029593293,0.004231801512285947
2021-03-01,Portugal,Appliances,PC,178549.03061626307,0.04292057478366039
2021-03-01,Portugal,Appliances,Tablet,0.0,0.0
2021-03-01,Portugal,Beauty,Mobile,13268.009263424976,0.0031894353156418673
2021-03-01,Portugal,Beauty,PC,155168.7199448203,0.03730029015273689
2021-03-01,Portugal,Beauty,Tablet,11841.713047379331,0.0028465745720514567
2021-03-01,Portugal,Books,Mobile,14474.235917927112,0.003479394556260045
2021-03-01,Portugal,Books,PC,109342.59134451313,0.026284359274555077
2021-03-01,Portugal,Books,Unknown,0.0,0.0
2021-03-01,Portugal,Clothing,Mobile,0.0,0.0
2021-03-01,Portugal,Clothing,PC,118269.592162427,0.02843027966895105
2021-03-01,Portugal,Clothing,Tablet,0.0,0.0
2021-03-01,Portugal,Electronics,Mobile,17063.89631033165,0.004101911027802054
2021-03-01,Portugal,Electronics,PC,80358.80430979514,0.019317080904890323
2021-03-01,Portugal,Electronics,Tablet,36354.32041128857,0.00873904676231683
2021-03-01,Portugal,Games,Mobile,22681.88772248049,0.0054523939719370255
2021-03-01,Portugal,Games,PC,70992.75208723515,0.017065618976149728
2021-03-01,Portugal,Games,Tablet,6359.680372176621,0.001528774119198837
2021-03-01,Portugal,Other,Mobile,6936.750655530005,0.0016674933727652635
2021-03-01,Portugal,Other,PC,44077.89199841716,0.010595680375829782
2021-03-01,Portugal,Outdoors,Mobile,0.0,0.0
2021-03-01,Portugal,Outdoors,PC,145142.6001224485,0.03489015762980594
2021-03-01,Portugal,Outdoors,Tablet,0.0,0.0
2021-03-01,Portugal,Smartphones,Mobile,0.0,0.0
2021-03-01,Portugal,Smartphones,PC,81940.70342748845,0.019697346309562744
2021-03-01,Portugal,Smartphones,Tablet,42753.00087506661,0.010277195932964396
2021-03-01,Spain,Beauty,PC,10359.673157539753,0.002490313864812235
2021-03-01,Spain,Beauty,Tablet,9303.29223385801,0.0022363753456367368
2021-03-01,Spain,Books,PC,0.0,0.0
2021-03-01,Spain,Clothing,PC,33345.84139087117,0.00801585241992684
2021-03-01,Spain,Electronics,Mobile,0.0,0.0
2021-03-01,Spain,Electronics,PC,19935.42141486676,0.0047921836524529296
2021-03-01,Spain,Games,Mobile,18206.398138016863,0.0043765517523491485
2021-03-01,Spain,Games,PC,0.0,0.0
2021-03-01,Spain,Games,Tablet,0.0,0.0
2021-03-01,Spain,Other,PC,0.0,0.0
2021-03-01,Spain,Outdoors,PC,0.0,0.0
2021-03-01,Spain,Smartphones,Mobile,0.0,0.0
2021-03-01,Spain,Smartphones,PC,0.0,0.0
2021-03-01,Sweden,Accessories,PC,63165.469504998415,0.015184054756707062
2021-03-01,Sweden,Appliances,Mobile,18901.27576201908,0.004543590167083408
2021-03-01,Sweden,Appliances,PC,60567.89470937757,0.014559635778419757
2021-03-01,Sweden,Appliances,Tablet,13748.68675774948,0.0033049831529545063
2021-03-01,Sweden,Beauty,Mobile,10762.004583299456,0.002587028453446709
2021-03-01,Sweden,Beauty,PC,44041.175053612846,0.010586854159468584
2021-03-01,Sweden,Beauty,Tablet,0.0,0.0
2021-03-01,Sweden,Books,Mobile,2658.4657897354264,0.0006390562824357844
2021-03-01,Sweden,Books,PC,110993.49155783422,0.026681211533128777
2021-03-01,Sweden,Books,Unknown,7309.03860011363,0.0017569859480618402
2021-03-01,Sweden,Clothing,Mobile,19864.326802574513,0.004775093547773712
2021-03-01,Sweden,Clothing,PC,71266.46270366175,0.017131415003945973
2021-03-01,Sweden,Clothing,Tablet,0.0,0.0
2021-03-01,Sweden,Clothing,Unknown,0.0,0.0
2021-03-01,Sweden,Electronics,Mobile,23335.692976791677,0.00560955918988729
2021-03-01,Sweden,Electronics,PC,61612.131719364384,0.014810655078408735
2021-03-01,Sweden,Electronics,Tablet,0.0,0.0
2021-03-01,Sweden,Games,Mobile,14259.682317682138,0.0034278190096853375
2021-03-01,Sweden,Games,PC,31630.01333717162,0.0076033924584219805
2021-03-01,Sweden,Games,Tablet,14915.603844273706,0.0035854929485306924
2021-03-01,Sweden,Other,PC,17359.100364513393,0.004172873763585136
2021-03-01,Sweden,Other,Tablet,0.0,0.0
2021-03-01,Sweden,Outdoors,Mobile,0.0,0.0
2021-03-01,Sweden,Outdoors,PC,23138.356275550308,0.005562122333949414
2021-03-01,Sweden,Outdoors,Tablet,0.0,0.0
2021-03-01,Sweden,Smartphones,Mobile,0.0,0.0
2021-03-01,Sweden,Smartphones,PC,74858.2622166047,0.017994831058746667
2021-03-01,Sweden,Smartphones,Tablet,0.0,0.0
2021-03-01,UK,Accessories,PC,46663.77950970247,0.011217289901948068
2021-03-01,UK,Appliances,Mobile,48449.763127277394,0.01164661423463103
2021-03-01,UK,Appliances,PC,28288.63634332475,0.006800174313524676
2021-03-01,UK,Beauty,Mobile,0.0,0.0
2021-03-01,UK,Beauty,PC,0.0,0.0
2021-03-01,UK,Beauty,Tablet,13984.048093189922,0.0033615605746525525
2021-03-01,UK,Books,Mobile,11700.748074931225,0.0028126886549957723
2021-03-01,UK,Books,PC,82943.96515841215,0.01993851575193424
2021-03-01,UK,Clothing,Mobile,0.0,0.0
2021-03-01,UK,Clothing,PC,30693.005340513868,0.007378149444474339
2021-03-01,UK,Clothing,Tablet,0.0,0.0
2021-03-01,UK,Electronics,Mobile,0.0,0.0
2021-03-01,UK,Electronics,PC,58037.76604229681,0.01395142986269505
2021-03-01,UK,Electronics,Tablet,0.0,0.0
2021-03-01,UK,Games,PC,15184.81795099491,0.003650208081177799
2021-03-01,UK,Games,Unknown,0.0,0.0
2021-03-01,UK,Other,Mobile,0.0,0.0
2021-03-01,UK,Other,PC,0.0,0.0
2021-03-01,UK,Outdoors,Mobile,0.0,0.0
2021-03-01,UK,Outdoors,PC,18846.945970494195,0.004530530080046945
2021-03-01,UK,Smartphones,PC,34385.0296882063,0.008265658083257138
2021-03-01,UK,Smartphones,Tablet,5271.528057550088,0.0012671982224564035
2021-04-01,Austria,Electronics,PC,8700.847573391258,0.001863149617063829
2021-04-01,Austria,Games,PC,23684.821086424578,0.0050717318014338805
2021-04-01,Belgium,Accessories,PC,0.0,0.0
2021-04-01,Belgium,Appliances,Mobile,0.0,0.0
2021-04-01,Belgium,Clothing,Mobile,0.0,0.0
2021-04-01,Belgium,Games,PC,0.0,0.0
2021-04-01,Belgium,Smartphones,PC,20928.26361721373,0.0044814583884297205
2021-04-01,Bulgaria,Accessories,PC,16853.5805580294,0.003608929118454613
2021-04-01,Bulgaria,Appliances,Mobile,0.0,0.0
2021-04-01,Bulgaria,Appliances,PC,0.0,0.0
2021-04-01,Bulgaria,Appliances,Unknown,0.0,0.0
2021-04-01,Bulgaria,Beauty,PC,0.0,0.0
2021-04-01,Bulgaria,Books,PC,43836.86790540935,0.009386975574772359
2021-04-01,Bulgaria,Books,Tablet,0.0,0.0
2021-04-01,Bulgaria,Clothing,Mobile,0.0,0.0
2021-04-01,Bulgaria,Clothing,PC,27128.10006335994,0.0058090558211006905
2021-04-01,Bulgaria,Electronics,Mobile,25438.372574685174,0.005447227263950188
2021-04-01,Bulgaria,Electronics,PC,21221.579488832773,0.004544267367586765
2021-04-01,Bulgaria,Games,PC,32601.5891826829,0.006981117401383592
2021-04-01,Bulgaria,Outdoors,Mobile,0.0,0.0
2021-04-01,Bulgaria,Outdoors,PC,0.0,0.0
2021-04-01,Bulgaria,Smartphones,PC,0.0,0.0
2021-04-01,Denmark,Appliances,PC,0.0,0.0
2021-04-01,Denmark,Books,PC,13530.984237300523,0.0028974473909094333
2021-04-01,Denmark,Clothing,PC,11209.612540861363,0.0024003621643494087
2021-04-01,Denmark,Electronics,PC,0.0,0.0
2021-04-01,Denmark,Games,PC,0.0,0.0
2021-04-01,Denmark,Smartphones,PC,0.0,0.0
2021-04-01,Finland,Accessories,PC,0.0,0.0
2021-04-01,Finland,Appliances,Mobile,0.0,0.0
2021-04-01,Finland,Appliances,PC,27586.319152416236,0.005907176229843103
2021-04-01,Finland,Appliances,Tablet,0.0,0.0
2021-04-01,Finland,Beauty,Mobile,0.0,0.0
2021-04-01,Finland,Beauty,PC,35011.10908251515,0.007497078178861087
2021-04-01,Finland,Beauty,Tablet,0.0,0.0
2021-04-01,Finland,Books,PC,0.0,0.0
2021-04-01,Finland,Clothing,Mobile,0.0,0.0
2021-04-01,Finland,Clothing,PC,0.0,0.0
2021-04-01,Finland,Clothing,Tablet,0.0,0.0
2021-04-01,Finland,Electronics,PC,8921.914616170488,0.0019104876462185014
2021-04-01,Finland,Electronics,Tablet,5652.321319672736,0.0012103556824137475
2021-04-01,Finland,Games,Mobile,0.0,0.0
2021-04-01,Finland,Games,PC,73904.87063560564,0.015825565298371487
2021-04-01,Finland,Games,Tablet,40124.57512143029,0.008592046480731972
2021-04-01,Finland,Other,PC,0.0,0.0
2021-04-01,Finland,Outdoors,PC,15839.295489925513,0.003391735928907131
2021-04-01,France,Accessories,Mobile,0.0,0.0
2021-04-01,France,Accessories,PC,0.0,0.0
2021-04-01,France,Appliances,Mobile,10779.866207070312,0.002308338748184068
2021-04-01,France,Appliances,PC,149936.06463142918,0.03210644929080438
2021-04-01,France,Appliances,Tablet,4445.547551160933,0.0009519440661062227
2021-04-01,France,Beauty,Mobile,32542.613674887256,0.0069684887242531445
2021-04-01,France,Beauty,PC,45334.99396597079,0.009707775700565215
2021-04-01,France,Beauty,Tablet,8614.882638868921,0.0018447415788255745
2021-04-01,France,Books,Mobile,20500.61880743712,0.0043898849805687114
2021-04-01,France,Books,PC,80807.4539873498,0.01730364492453149
2021-04-01,France,Books,Tablet,14311.45006504003,0.0030645718688202105
2021-04-01,France,Clothing,Mobile,12817.736523701766,0.0027447166145966578
2021-04-01,France,Clothing,PC,58422.7320470634,0.012510308900731975
2021-04-01,France,Clothing,Tablet,0.0,0.0
2021-04-01,France,Electronics,Mobile,55734.98671669144,0.01193477052463607
2021-04-01,France,Electronics,PC,160193.86561062545,0.03430299598411204
2021-04-01,France,Electronics,Tablet,0.0,0.0
2021-04-01,France,Games,PC,101052.60138560607,0.021638824722165873
2021-04-01,France,Games,Tablet,0.0,0.0
2021-04-01,France,Other,PC,19993.86541296159,0.0042813717139129105
2021-04-01,France,Outdoors,Mobile,46703.96315355442,0.010000918914040048
2021-04-01,France,Outdoors,PC,13120.7033974195,0.002809592204013542
2021-04-01,France,Outdoors,Tablet,0.0,0.0
2021-04-01,France,Smartphones,Mobile,0.0,0.0
2021-04-01,France,Smartphones,PC,144590.06853665443,0.030961688335875696
2021-04-01,France,Smartphones,Tablet,0.0,0.0
2021-04-01,Germany,Accessories,Mobile,5568.079839204374,0.0011923166947459814
2021-04-01,Germany,Accessories,PC,0.0,0.0
2021-04-01,Germany,Appliances,Mobile,28873.807451449975,0.006182871592977009
2021-04-01,Germany,Appliances,PC,41175.97235430123,0.008817186656477167
2021-04-01,Germany,Beauty,PC,0.0,0.0
2021-04-01,Germany,Books,PC,0.0,0.0
2021-04-01,Germany,Clothing,PC,27558.823929391092,0.005901288560415696
2021-04-01,Germany,Clothing,Tablet,0.0,0.0
2021-04-01,Germany,Electronics,Mobile,0.0,0.0
2021-04-01,Germany,Electronics,PC,10553.305228739571,0.0022598242791673443
2021-04-01,Germany,Games,PC,0.0,0.0
2021-04-01,Germany,Outdoors,Tablet,8331.575403094961,0.001784075791568491
2021-04-01,Germany,Smartphones,PC,0.0,0.0
2021-04-01,Ireland,Accessories,PC,0.0,0.0
2021-04-01,Ireland,Appliances,PC,5444.006474478656,0.0011657483357411075
2021-04-01,Ireland,Beauty,Mobile,13517.733055488283,0.002894609858805708
2021-04-01,Ireland,Beauty,PC,11717.125481293484,0.002509038075821847
2021-04-01,Ireland,Books,Mobile,13855.51131687136,0.0029669397592021903
2021-04-01,Ireland,Books,PC,0.0,0.0
2021-04-01,Ireland,Clothing,Mobile,0.0,0.0
2021-04-01,Ireland,Clothing,PC,0.0,0.0
2021-04-01,Ireland,Clothing,Tablet,0.0,0.0
2021-04-01,Ireland,Electronics,Mobile,0.0,0.0
2021-04-01,Ireland,Electronics,PC,17011.080756916625,0.0036426553080894735
2021-04-01,Ireland,Games,Mobile,0.0,0.0
2021-04-01,Ireland,Games,PC,10034.404208012054,0.0021487097894687637
2021-04-01,Ireland,Other,Mobile,0.0,0.0
2021-04-01,Ireland,Other,PC,0.0,0.0
2021-04-01,Ireland,Outdoors,Mobile,0.0,0.0
2021-04-01,Ireland,Outdoors,PC,0.0,0.0
2021-04-01,Ireland,Smartphones,Mobile,8599.47884250705,0.0018414430981832151
2021-04-01,Ireland,Smartphones,PC,70806.53792214148,0.015162106093973874
2021-04-01,Italy,Appliances,Mobile,0.0,0.0
2021-04-01,Italy,Books,Mobile,0.0,0.0
2021-04-01,Italy,Books,PC,0.0,0.0
2021-04-01,Italy,Books,Tablet,0.0,0.0
2021-04-01,Italy,Clothing,PC,0.0,0.0
2021-04-01,Italy,Games,PC,0.0,0.0
2021-04-01,Italy,Other,Mobile,18629.409222653696,0.003989194887801512
2021-04-01,Italy,Smartphones,PC,0.0,0.0
2021-04-01,Luxembourg,Accessories,PC,57139.31906972054,0.012235486203620975
2021-04-01,Luxembourg,Appliances,PC,0.0,0.0
2021-04-01,Luxembourg,Beauty,PC,0.0,0.0
2021-04-01,Luxembourg,Beauty,Tablet,0.0,0.0
2021-04-01,Luxembourg,Books,PC,77187.08159127919,0.01652839913537461
2021-04-01,Luxembourg,Clothing,PC,0.0,0.0
2021-04-01,Luxembourg,Electronics,Mobile,0.0,0.0
2021-04-01,Luxembourg,Electronics,PC,0.0,0.0
2021-04-01,Luxembourg,Games,PC,25265.918176145813,0.0054102988677348345
2021-04-01,Luxembourg,Outdoors,PC,0.0,0.0
2021-04-01,Luxembourg,Smartphones,PC,0.0,0.0
2021-04-01,Luxembourg,Smartphones,Tablet,0.0,0.0
2021-04-01,Netherlands,Appliances,PC,0.0,0.0
2021-04-01,Netherlands,Beauty,Tablet,0.0,0.0
2021-04-01,Netherlands,Books,PC,59412.723565681146,0.012722300008868372
2021-04-01,Netherlands,Books,Tablet,8556.211971266617,0.0018321781784264679
2021-04-01,Netherlands,Clothing,PC,0.0,0.0
2021-04-01,Netherlands,Electronics,PC,37396.49211050253,0.00800787042497936
2021-04-01,Netherlands,Games,Mobile,17997.218346162692,0.0038538211578849476
2021-04-01,Netherlands,Games,PC,25537.932700623413,0.005468546498536475
2021-04-01,Netherlands,Outdoors,Mobile,0.0,0.0
2021-04-01,Netherlands,Outdoors,PC,0.0,0.0
2021-04-01,Netherlands,Smartphones,Mobile,0.0,0.0
2021-04-01,Netherlands,Smartphones,PC,0.0,0.0
2021-04-01,Portugal,Accessories,Mobile,0.0,0.0
2021-04-01,Portugal,Accessories,PC,7296.998877428697,0.0015625375056303277
2021-04-01,Portugal,Appliances,Mobile,19762.37419798435,0.004231801512285947
2021-04-01,Portugal,Appliances,PC,200437.6758230983,0.04292057478366039
2021-04-01,Portugal,Appliances,Tablet,0.0,0.0
2021-04-01,Portugal,Beauty,Mobile,14894.558264367352,0.0031894353156418673
2021-04-01,Portugal,Beauty,PC,174191.13102343632,0.03730029015273689
2021-04-01,Portugal,Beauty,Tablet,13293.409842599169,0.0028465745720514567
2021-04-01,Portugal,Books,Mobile,16248.658403190833,0.003479394556260045
2021-04-01,Portugal,Books,PC,122747.09530443561,0.026284359274555077
2021-04-01,Portugal,Books,Unknown,0.0,0.0
2021-04-01,Portugal,Clothing,Mobile,0.0,0.0
2021-04-01,Portugal,Clothing,PC,132768.4731289903,0.02843027966895105
2021-04-01,Portugal,Clothing,Tablet,0.0,0.0
2021-04-01,Portugal,Electronics,Mobile,19155.78989773404,0.004101911027802054
2021-04-01,Portugal,Electronics,PC,90210.13394575898,0.019317080904890323
2021-04-01,Portugal,Electronics,Tablet,40811.06161269291,0.00873904676231683
2021-04-01,Portugal,Games,Mobile,25462.50093144084,0.0054523939719370255
2021-04-01,Portugal,Games,PC,79695.8806191061,0.017065618976149728
2021-04-01,Portugal,Games,Tablet,7139.324970721803,0.001528774119198837
2021-04-01,Portugal,Other,Mobile,7787.139332876025,0.0016674933727652635
2021-04-01,Portugal,Other,PC,49481.479663320875,0.010595680375829782
2021-04-01,Portugal,Outdoors,Mobile,0.0,0.0
2021-04-01,Portugal,Outdoors,PC,162935.89122860844,0.03489015762980594
2021-04-01,Portugal,Outdoors,Tablet,0.0,0.0
2021-04-01,Portugal,Smartphones,Mobile,0.0,0.0
2021-04-01,Portugal,Smartphones,PC,91985.96090736544,0.019697346309562744
2021-04-01,Portugal,Smartphones,Tablet,47994.16776604278,0.010277195932964396
2021-04-01,Spain,Beauty,PC,11629.684030303953,0.002490313864812235
2021-04-01,Spain,Beauty,Tablet,10443.799478616333,0.0022363753456367368
2021-04-01,Spain,Books,PC,0.0,0.0
2021-04-01,Spain,Clothing,PC,37433.7677649822,0.00801585241992684
2021-04-01,Spain,Electronics,Mobile,0.0,0.0
2021-04-01,Spain,Electronics,PC,22379.340403912327,0.0047921836524529296
2021-04-01,Spain,Games,Mobile,20438.35306917479,0.0043765517523491485
2021-04-01,Spain,Games,PC,0.0,0.0
2021-04-01,Spain,Games,Tablet,0.0,0.0
2021-04-01,Spain,Other,PC,0.0,0.0
2021-04-01,Spain,Outdoors,PC,0.0,0.0
2021-04-01,Spain,Smartphones,Mobile,0.0,0.0
2021-04-01,Spain,Smartphones,PC,0.0,0.0
2021-04-01,Sweden,Accessories,PC,70909.03745687139,0.015184054756707062
2021-04-01,Sweden,Appliances,Mobile,21218.41698470408,0.004543590167083408
2021-04-01,Sweden,Appliances,PC,67993.02131825742,0.014559635778419757
2021-04-01,Sweden,Appliances,Tablet,15434.162872974499,0.0033049831529545063
2021-04-01,Sweden,Beauty,Mobile,12081.337985587443,0.002587028453446709
2021-04-01,Sweden,Beauty,PC,49440.261522541834,0.010586854159468584
2021-04-01,Sweden,Beauty,Tablet,0.0,0.0
2021-04-01,Sweden,Books,Mobile,2984.3718686717493,0.0006390562824357844
2021-04-01,Sweden,Books,PC,124600.38232947196,0.026681211533128777
2021-04-01,Sweden,Books,Unknown,8205.06672285819,0.0017569859480618402
2021-04-01,Sweden,Clothing,Mobile,22299.53017586338,0.004775093547773712
2021-04-01,Sweden,Clothing,PC,80003.14590985174,0.017131415003945973
2021-04-01,Sweden,Clothing,Tablet,0.0,0.0
2021-04-01,Sweden,Clothing,Unknown,0.0,0.0
2021-04-01,Sweden,Electronics,Mobile,26196.45734197275,0.00560955918988729
2021-04-01,Sweden,Electronics,PC,69165.27321213667,0.014810655078408735
2021-04-01,Sweden,Electronics,Tablet,0.0,0.0
2021-04-01,Sweden,Games,Mobile,16007.802293111994,0.0034278190096853375
2021-04-01,Sweden,Games,PC,35507.59327941609,0.0076033924584219805
2021-04-01,Sweden,Games,Tablet,16744.13441353056,0.0035854929485306924
2021-04-01,Sweden,Other,PC,19487.18354523534,0.004172873763585136
2021-04-01,Sweden,Other,Tablet,0.0,0.0
2021-04-01,Sweden,Outdoors,Mobile,0.0,0.0
2021-04-01,Sweden,Outdoors,PC,25974.928781358907,0.005562122333949414
2021-04-01,Sweden,Outdoors,Tablet,0.0,0.0
2021-04-01,Sweden,Smartphones,Mobile,0.0,0.0
2021-04-01,Sweden,Smartphones,PC,84035.27055321704,0.017994831058746667
2021-04-01,Sweden,Smartphones,Tablet,0.0,0.0
2021-04-01,UK,Accessories,PC,52384.37575249625,0.011217289901948068
2021-04-01,UK,Appliances,Mobile,54389.30629806842,0.01164661423463103
2021-04-01,UK,Appliances,PC,31756.590899936164,0.006800174313524676
2021-04-01,UK,Beauty,Mobile,0.0,0.0
2021-04-01,UK,Beauty,PC,0.0,0.0
2021-04-01,UK,Beauty,Tablet,15698.37757574537,0.0033615605746525525
2021-04-01,UK,Books,Mobile,13135.163721898069,0.0028126886549957723
2021-04-01,UK,Books,PC,93112.21428938906,0.01993851575193424
2021-04-01,UK,Clothing,Mobile,0.0,0.0
2021-04-01,UK,Clothing,PC,34455.71579551431,0.007378149444474339
2021-04-01,UK,Clothing,Tablet,0.0,0.0
2021-04-01,UK,Electronics,Mobile,0.0,0.0
2021-04-01,UK,Electronics,PC,65152.71964978748,0.01395142986269505
2021-04-01,UK,Electronics,Tablet,0.0,0.0
2021-04-01,UK,Games,PC,17046.35195939874,0.003650208081177799
2021-04-01,UK,Games,Unknown,0.0,0.0
2021-04-01,UK,Other,Mobile,0.0,0.0
2021-04-01,UK,Other,PC,0.0,0.0
2021-04-01,UK,Outdoors,Mobile,0.0,0.0
2021-04-01,UK,Outdoors,PC,21157.42680680384,0.004530530080046945
2021-04-01,UK,Smartphones,PC,38600.35201549027,0.008265658083257138
2021-04-01,UK,Smartphones,Tablet,5917.774116413212,0.0012671982224564035
2021-05-01,Austria,Electronics,PC,8858.948011775889,0.001863149617063829
2021-05-01,Austria,Games,PC,24115.190721708943,0.0050717318014338805
2021-05-01,Belgium,Accessories,PC,0.0,0.0
2021-05-01,Belgium,Appliances,Mobile,0.0,0.0
2021-05-01,Belgium,Clothing,Mobile,0.0,0.0
2021-05-01,Belgium,Games,PC,0.0,0.0
2021-05-01,Belgium,Smartphones,PC,21308.544690362214,0.0044814583884297205
2021-05-01,Bulgaria,Accessories,PC,17159.821812355454,0.003608929118454613
2021-05-01,Bulgaria,Appliances,Mobile,0.0,0.0
2021-05-01,Bulgaria,Appliances,PC,0.0,0.0
2021-05-01,Bulgaria,Appliances,Unknown,0.0,0.0
2021-05-01,Bulgaria,Beauty,PC,0.0,0.0
2021-05-01,Bulgaria,Books,PC,44633.414215960685,0.009386975574772359
2021-05-01,Bulgaria,Books,Tablet,0.0,0.0
2021-05-01,Bulgaria,Clothing,Mobile,0.0,0.0
2021-05-01,Bulgaria,Clothing,PC,27621.036467127742,0.0058090558211006905
2021-05-01,Bulgaria,Electronics,Mobile,25900.605457392914,0.005447227263950188
2021-05-01,Bulgaria,Electronics,PC,21607.190314915893,0.004544267367586765
2021-05-01,Bulgaria,Games,PC,33193.982682091,0.006981117401383592
2021-05-01,Bulgaria,Outdoors,Mobile,0.0,0.0
2021-05-01,Bulgaria,Outdoors,PC,0.0,0.0
2021-05-01,Bulgaria,Smartphones,PC,0.0,0.0
2021-05-01,Denmark,Appliances,PC,0.0,0.0
2021-05-01,Denmark,Books,PC,13776.851610754455,0.0028974473909094333
2021-05-01,Denmark,Clothing,PC,11413.298979668985,0.0024003621643494087
2021-05-01,Denmark,Electronics,PC,0.0,0.0
2021-05-01,Denmark,Games,PC,0.0,0.0
2021-05-01,Denmark,Smartphones,PC,0.0,0.0
2021-05-01,Finland,Accessories,PC,0.0,0.0
2021-05-01,Finland,Appliances,Mobile,0.0,0.0
2021-05-01,Finland,Appliances,PC,28087.581715014538,0.005907176229843103
2021-05-01,Finland,Appliances,Tablet,0.0,0.0
2021-05-01,Finland,Beauty,Mobile,0.0,0.0
2021-05-01,Finland,Beauty,PC,35647.285230595895,0.007497078178861087
2021-05-01,Finland,Beauty,Tablet,0.0,0.0
2021-05-01,Finland,Books,PC,0.0,0.0
2021-05-01,Finland,Clothing,Mobile,0.0,0.0
2021-05-01,Finland,Clothing,PC,0.0,0.0
2021-05-01,Finland,Clothing,Tablet,0.0,0.0
2021-05-01,Finland,Electronics,PC,9084.031996132473,0.0019104876462185014
2021-05-01,Finland,Electronics,Tablet,5755.02792049447,0.0012103556824137475
2021-05-01,Finland,Games,Mobile,0.0,0.0
2021-05-01,Finland,Games,PC,75247.7734215344,0.015825565298371487
2021-05-01,Finland,Games,Tablet,40853.666495941354,0.008592046480731972
2021-05-01,Finland,Other,PC,0.0,0.0
2021-05-01,Finland,Outdoors,PC,16127.10648069832,0.003391735928907131
2021-05-01,France,Accessories,Mobile,0.0,0.0
2021-05-01,France,Accessories,PC,0.0,0.0
2021-05-01,France,Appliances,Mobile,10975.743856769352,0.002308338748184068
2021-05-01,France,Appliances,PC,152660.50697430957,0.03210644929080438
2021-05-01,France,Appliances,Tablet,4526.32623516497,0.0009519440661062227
2021-05-01,France,Beauty,Mobile,33133.9355483925,0.0069684887242531445
2021-05-01,France,Beauty,PC,46158.76226667105,0.009707775700565215
2021-05-01,France,Beauty,Tablet,8771.421034737687,0.0018447415788255745
2021-05-01,France,Books,Mobile,20873.12927762672,0.0043898849805687114
2021-05-01,France,Books,PC,82275.78150284567,0.01730364492453149
2021-05-01,France,Books,Tablet,14571.499044190306,0.0030645718688202105
2021-05-01,France,Clothing,Mobile,13050.643691239477,0.0027447166145966578
2021-05-01,France,Clothing,PC,59484.31363096745,0.012510308900731975
2021-05-01,France,Clothing,Tablet,0.0,0.0
2021-05-01,France,Electronics,Mobile,56747.73010277469,0.01193477052463607
2021-05-01,France,Electronics,PC,163104.69931572585,0.03430299598411204
2021-05-01,France,Electronics,Tablet,0.0,0.0
2021-05-01,France,Games,PC,102888.79727850166,0.021638824722165873
2021-05-01,France,Games,Tablet,0.0,0.0
2021-05-01,France,Other,PC,20357.167822310712,0.0042813717139129105
2021-05-01,France,Outdoors,Mobile,47552.60657439285,0.010000918914040048
2021-05-01,France,Outdoors,PC,13359.115683297323,0.002809592204013542
2021-05-01,France,Outdoors,Tablet,0.0,0.0
2021-05-01,France,Smartphones,Mobile,0.0,0.0
2021-05-01,France,Smartphones,PC,147217.37042062465,0.030961688335875696
2021-05-01,France,Smartphones,Tablet,0.0,0.0
2021-05-01,Germany,Accessories,Mobile,5669.255713866401,0.0011923166947459814
2021-05-01,Germany,Accessories,PC,0.0,0.0
2021-05-01,Germany,Appliances,Mobile,29398.464569897616,0.006182871592977009
2021-05-01,Germany,Appliances,PC,41924.16834615344,0.008817186656477167
2021-05-01,Germany,Beauty,PC,0.0,0.0
2021-05-01,Germany,Books,PC,0.0,0.0
2021-05-01,Germany,Clothing,PC,28059.58688470664,0.005901288560415696
2021-05-01,Germany,Clothing,Tablet,0.0,0.0
2021-05-01,Germany,Electronics,Mobile,0.0,0.0
2021-05-01,Germany,Electronics,PC,10745.066108239753,0.0022598242791673443
2021-05-01,Germany,Games,PC,0.0,0.0
2021-05-01,Germany,Outdoors,Tablet,8482.965909887911,0.001784075791568491
2021-05-01,Germany,Smartphones,PC,0.0,0.0
2021-05-01,Ireland,Accessories,PC,0.0,0.0
2021-05-01,Ireland,Appliances,PC,5542.9278500025775,0.0011657483357411075
2021-05-01,Ireland,Beauty,Mobile,13763.359645772995,0.002894609858805708
2021-05-01,Ireland,Beauty,PC,11930.033782418703,0.002509038075821847
2021-05-01,Ireland,Books,Mobile,14107.275572567514,0.0029669397592021903
2021-05-01,Ireland,Books,PC,0.0,0.0
2021-05-01,Ireland,Clothing,Mobile,0.0,0.0
2021-05-01,Ireland,Clothing,PC,0.0,0.0
2021-05-01,Ireland,Clothing,Tablet,0.0,0.0
2021-05-01,Ireland,Electronics,Mobile,0.0,0.0
2021-05-01,Ireland,Electronics,PC,17320.183899154137,0.0036426553080894735
2021-05-01,Ireland,Games,Mobile,0.0,0.0
2021-05-01,Ireland,Games,PC,10216.736295872886,0.0021487097894687637
2021-05-01,Ireland,Other,Mobile,0.0,0.0
2021-05-01,Ireland,Other,PC,0.0,0.0
2021-05-01,Ireland,Outdoors,Mobile,0.0,0.0
2021-05-01,Ireland,Outdoors,PC,0.0,0.0
2021-05-01,Ireland,Smartphones,Mobile,8755.737340706415,0.0018414430981832151
2021-05-01,Ireland,Smartphones,PC,72093.14185257044,0.015162106093973874
2021-05-01,Italy,Appliances,Mobile,0.0,0.0
2021-05-01,Italy,Books,Mobile,0.0,0.0
2021-05-01,Italy,Books,PC,0.0,0.0
2021-05-01,Italy,Books,Tablet,0.0,0.0
2021-05-01,Italy,Clothing,PC,0.0,0.0
2021-05-01,Italy,Games,PC,0.0,0.0
2021-05-01,Italy,Other,Mobile,18967.91851615695,0.003989194887801512
2021-05-01,Italy,Smartphones,PC,0.0,0.0
2021-05-01,Luxembourg,Accessories,PC,58177.58014919846,0.012235486203620975
2021-05-01,Luxembourg,Appliances,PC,0.0,0.0
2021-05-01,Luxembourg,Beauty,PC,0.0,0.0
2021-05-01,Luxembourg,Beauty,Tablet,0.0,0.0
2021-05-01,Luxembourg,Books,PC,78589.62442797147,0.01652839913537461
2021-05-01,Luxembourg,Clothing,PC,0.0,0.0
2021-05-01,Luxembourg,Electronics,Mobile,0.0,0.0
2021-05-01,Luxembourg,Electronics,PC,0.0,0.0
2021-05-01,Luxembourg,Games,PC,25725.017442756904,0.0054102988677348345
2021-05-01,Luxembourg,Outdoors,PC,0.0,0.0
2021-05-01,Luxembourg,Smartphones,PC,0.0,0.0
2021-05-01,Luxembourg,Smartphones,Tablet,0.0,0.0
2021-05-01,Netherlands,Appliances,PC,0.0,0.0
2021-05-01,Netherlands,Beauty,Tablet,0.0,0.0
2021-05-01,Netherlands,Books,PC,60492.29398248571,0.012722300008868372
2021-05-01,Netherlands,Books,Tablet,8711.684280390386,0.0018321781784264679
2021-05-01,Netherlands,Clothing,PC,0.0,0.0
2021-05-01,Netherlands,Electronics,PC,38076.01232354464,0.00800787042497936
2021-05-01,Netherlands,Games,Mobile,18324.24029272958,0.0038538211578849476
2021-05-01,Netherlands,Games,PC,26001.974659909458,0.005468546498536475
2021-05-01,Netherlands,Outdoors,Mobile,0.0,0.0
2021-05-01,Netherlands,Outdoors,PC,0.0,0.0
2021-05-01,Netherlands,Smartphones,Mobile,0.0,0.0
2021-05-01,Netherlands,Smartphones,PC,0.0,0.0
2021-05-01,Portugal,Accessories,Mobile,0.0,0.0
2021-05-01,Portugal,Accessories,PC,7429.590410803183,0.0015625375056303277
2021-05-01,Portugal,Appliances,Mobile,20121.470251313396,0.004231801512285947
2021-05-01,Portugal,Appliances,PC,204079.76748705754,0.04292057478366039
2021-05-01,Portugal,Appliances,Tablet,0.0,0.0
2021-05-01,Portugal,Beauty,Mobile,15165.20272414888,0.0031894353156418673
2021-05-01,Portugal,Beauty,PC,177356.30475452673,0.03730029015273689
2021-05-01,Portugal,Beauty,Tablet,13534.960324435999,0.0028465745720514567
2021-05-01,Portugal,Books,Mobile,16543.907802176145,0.003479394556260045
2021-05-01,Portugal,Books,PC,124977.49520678759,0.026284359274555077
2021-05-01,Portugal,Books,Unknown,0.0,0.0
2021-05-01,Portugal,Clothing,Mobile,0.0,0.0
2021-05-01,Portugal,Clothing,PC,135180.968420776,0.02843027966895105
2021-05-01,Portugal,Clothing,Tablet,0.0,0.0
2021-05-01,Portugal,Electronics,Mobile,19503.863893386766,0.004101911027802054
2021-05-01,Portugal,Electronics,PC,91849.31468111368,0.019317080904890323
2021-05-01,Portugal,Electronics,Tablet,41552.62692313932,0.00873904676231683
2021-05-01,Portugal,Games,Mobile,25925.172243134766,0.0054523939719370255
2021-05-01,Portugal,Games,PC,81144.01007512171,0.017065618976149728
2021-05-01,Portugal,Games,Tablet,7269.051459793202,0.001528774119198837
2021-05-01,Portugal,Other,Mobile,7928.637058460251,0.0016674933727652635
2021-05-01,Portugal,Other,PC,50380.59248660667,0.010595680375829782
2021-05-01,Portugal,Outdoors,Mobile,0.0,0.0
2021-05-01,Portugal,Outdoors,PC,165896.5494420235,0.03489015762980594
2021-05-01,Portugal,Outdoors,Tablet,0.0,0.0
2021-05-01,Portugal,Smartphones,Mobile,0.0,0.0
2021-05-01,Portugal,Smartphones,PC,93657.40965095232,0.019697346309562744
2021-05-01,Portugal,Smartphones,Tablet,48866.25510003102,0.010277195932964396
2021-05-01,Spain,Beauty,PC,11841.003459584468,0.002490313864812235
2021-05-01,Spain,Beauty,Tablet,10633.57056264497,0.0022363753456367368
2021-05-01,Spain,Books,PC,0.0,0.0
2021-05-01,Spain,Clothing,PC,38113.96530253375,0.00801585241992684
2021-05-01,Spain,Electronics,Mobile,0.0,0.0
2021-05-01,Spain,Electronics,PC,22785.98854925368,0.0047921836524529296
2021-05-01,Spain,Games,Mobile,20809.732127690688,0.0043765517523491485
2021-05-01,Spain,Games,PC,0.0,0.0
2021-05-01,Spain,Games,Tablet,0.0,0.0
2021-05-01,Spain,Other,PC,0.0,0.0
2021-05-01,Spain,Outdoors,PC,0.0,0.0
2021-05-01,Spain,Smartphones,Mobile,0.0,0.0
2021-05-01,Spain,Smartphones,PC,0.0,0.0
2021-05-01,Sweden,Accessories,PC,72197.50387497622,0.015184054756707062
2021-05-01,Sweden,Appliances,Mobile,21603.970345892554,0.004543590167083408
2021-05-01,Sweden,Appliances,PC,69228.50169954654,0.014559635778419757
2021-05-01,Sweden,Appliances,Tablet,15714.61232295446,0.0033049831529545063
2021-05-01,Sweden,Beauty,Mobile,12300.86428066191,0.002587028453446709
2021-05-01,Sweden,Beauty,PC,50338.62538360623,0.010586854159468584
2021-05-01,Sweden,Beauty,Tablet,0.0,0.0
2021-05-01,Sweden,Books,Mobile,3038.5999765382408,0.0006390562824357844
2021-05-01,Sweden,Books,PC,126864.45774316225,0.026681211533128777
2021-05-01,Sweden,Books,Unknown,8354.158479140204,0.0017569859480618402
2021-05-01,Sweden,Clothing,Mobile,22704.72811397657,0.004775093547773712
2021-05-01,Sweden,Clothing,PC,81456.85858942775,0.017131415003945973
2021-05-01,Sweden,Clothing,Tablet,0.0,0.0
2021-05-01,Sweden,Clothing,Unknown,0.0,0.0
2021-05-01,Sweden,Electronics,Mobile,26672.465150977023,0.00560955918988729
2021-05-01,Sweden,Electronics,PC,70422.05422382487,0.014810655078408735
2021-05-01,Sweden,Electronics,Tablet,0.0,0.0
2021-05-01,Sweden,Games,Mobile,16298.675169434438,0.0034278190096853375
2021-05-01,Sweden,Games,PC,36152.79088989105,0.0076033924584219805
2021-05-01,Sweden,Games,Tablet,17048.386955460624,0.0035854929485306924
2021-05-01,Sweden,Other,PC,19841.27919343466,0.004172873763585136
2021-05-01,Sweden,Other,Tablet,0.0,0.0
2021-05-01,Sweden,Outdoors,Mobile,0.0,0.0
2021-05-01,Sweden,Outdoors,PC,26446.911262686503,0.005562122333949414
2021-05-01,Sweden,Outdoors,Tablet,0.0,0.0
2021-05-01,Sweden,Smartphones,Mobile,0.0,0.0
2021-05-01,Sweden,Smartphones,PC,85562.24973566651,0.017994831058746667
2021-05-01,Sweden,Smartphones,Tablet,0.0,0.0
2021-05-01,UK,Accessories,PC,53336.23621219475,0.011217289901948068
2021-05-01,UK,Appliances,Mobile,55377.59773710681,0.01164661423463103
2021-05-01,UK,Appliances,PC,32333.630194157973,0.006800174313524676
2021-05-01,UK,Beauty,Mobile,0.0,0.0
2021-05-01,UK,Beauty,PC,0.0,0.0
2021-05-01,UK,Beauty,Tablet,15983.627990227165,0.0033615605746525525
2021-05-01,UK,Books,Mobile,13373.838761906449,0.0028126886549957723
2021-05-01,UK,Books,PC,94804.12783849382,0.01993851575193424
2021-05-01,UK,Clothing,Mobile,0.0,0.0
2021-05-01,UK,Clothing,PC,35081.80006215361,0.007378149444474339
2021-05-01,UK,Clothing,Tablet,0.0,0.0
2021-05-01,UK,Electronics,Mobile,0.0,0.0
2021-05-01,UK,Electronics,PC,66336.58977872568,0.01395142986269505
2021-05-01,UK,Electronics,Tablet,0.0,0.0
2021-05-01,UK,Games,PC,17356.096003861894,0.003650208081177799
2021-05-01,UK,Games,Unknown,0.0,0.0
2021-05-01,UK,Other,Mobile,0.0,0.0
2021-05-01,UK,Other,PC,0.0,0.0
2021-05-01,UK,Outdoors,Mobile,0.0,0.0
2021-05-01,UK,Outdoors,PC,21541.87193413557,0.004530530080046945
2021-05-01,UK,Smartphones,PC,39301.74719842777,0.008265658083257138
2021-05-01,UK,Smartphones,Tablet,6025.304178763388,0.0012671982224564035
2021-06-01,Austria,Electronics,PC,9123.664460953683,0.001863149617063829
2021-06-01,Austria,Games,PC,24835.782788691446,0.0050717318014338805
2021-06-01,Belgium,Accessories,PC,0.0,0.0
2021-06-01,Belgium,Appliances,Mobile,0.0,0.0
2021-06-01,Belgium,Clothing,Mobile,0.0,0.0
2021-06-01,Belgium,Games,PC,0.0,0.0
2021-06-01,Belgium,Smartphones,PC,21945.270662800594,0.0044814583884297205
2021-06-01,Bulgaria,Accessories,PC,17672.57875512702,0.003608929118454613
2021-06-01,Bulgaria,Appliances,Mobile,0.0,0.0
2021-06-01,Bulgaria,Appliances,PC,0.0,0.0
2021-06-01,Bulgaria,Appliances,Unknown,0.0,0.0
2021-06-01,Bulgaria,Beauty,PC,0.0,0.0
2021-06-01,Bulgaria,Books,PC,45967.11646934623,0.009386975574772359
2021-06-01,Bulgaria,Books,Tablet,0.0,0.0
2021-06-01,Bulgaria,Clothing,Mobile,0.0,0.0
2021-06-01,Bulgaria,Clothing,PC,28446.387590812996,0.0058090558211006905
2021-06-01,Bulgaria,Electronics,Mobile,26674.547950239947,0.005447227263950188
2021-06-01,Bulgaria,Electronics,PC,22252.84019222303,0.004544267367586765
2021-06-01,Bulgaria,Games,PC,34185.86041046148,0.006981117401383592
2021-06-01,Bulgaria,Outdoors,Mobile,0.0,0.0
2021-06-01,Bulgaria,Outdoors,PC,0.0,0.0
2021-06-01,Bulgaria,Smartphones,PC,0.0,0.0
2021-06-01,Denmark,Appliances,PC,0.0,0.0
2021-06-01,Denmark,Books,PC,14188.521171790431,0.0028974473909094333
2021-06-01,Denmark,Clothing,PC,11754.34263127259,0.0024003621643494087
2021-06-01,Denmark,Electronics,PC,0.0,0.0
2021-06-01,Denmark,Games,PC,0.0,0.0
2021-06-01,Denmark,Smartphones,PC,0.0,0.0
2021-06-01,Finland,Accessories,PC,0.0,0.0
2021-06-01,Finland,Appliances,Mobile,0.0,0.0
2021-06-01,Finland,Appliances,PC,28926.873794356965,0.005907176229843103
2021-06-01,Finland,Appliances,Tablet,0.0,0.0
2021-06-01,Finland,Beauty,Mobile,0.0,0.0
2021-06-01,Finland,Beauty,PC,36712.4707082088,0.007497078178861087
2021-06-01,Finland,Beauty,Tablet,0.0,0.0
2021-06-01,Finland,Books,PC,0.0,0.0
2021-06-01,Finland,Clothing,Mobile,0.0,0.0
2021-06-01,Finland,Clothing,PC,0.0,0.0
2021-06-01,Finland,Clothing,Tablet,0.0,0.0
2021-06-01,Finland,Electronics,PC,9355.474236343976,0.0019104876462185014
2021-06-01,Finland,Electronics,Tablet,5926.995354326038,0.0012103556824137475
2021-06-01,Finland,Games,Mobile,0.0,0.0
2021-06-01,Finland,Games,PC,77496.27102669088,0.015825565298371487
2021-06-01,Finland,Games,Tablet,42074.42515897042,0.008592046480731972
2021-06-01,Finland,Other,PC,0.0,0.0
2021-06-01,Finland,Outdoors,PC,16609.004597428197,0.003391735928907131
2021-06-01,France,Accessories,Mobile,0.0,0.0
2021-06-01,France,Accessories,PC,0.0,0.0
2021-06-01,France,Appliances,Mobile,11303.712813917184,0.002308338748184068
2021-06-01,France,Appliances,PC,157222.19390171938,0.03210644929080438
2021-06-01,France,Appliances,Tablet,4661.578525527263,0.0009519440661062227
2021-06-01,France,Beauty,Mobile,34124.01899328882,0.0069684887242531445
2021-06-01,France,Beauty,PC,47538.04382802946,0.009707775700565215
2021-06-01,France,Beauty,Tablet,9033.522068344919,0.0018447415788255745
2021-06-01,France,Books,Mobile,21496.844492825818,0.0043898849805687114
2021-06-01,France,Books,PC,84734.28478154315,0.01730364492453149
2021-06-01,France,Books,Tablet,15006.913664645052,0.0030645718688202105
2021-06-01,France,Clothing,Mobile,13440.613251150799,0.0027447166145966578
2021-06-01,France,Clothing,PC,61261.77933741893,0.012510308900731975
2021-06-01,France,Clothing,Tablet,0.0,0.0
2021-06-01,France,Electronics,Mobile,58443.4232699248,0.01193477052463607
2021-06-01,France,Electronics,PC,167978.4717760313,0.03430299598411204
2021-06-01,France,Electronics,Tablet,0.0,0.0
2021-06-01,France,Games,PC,105963.24325555612,0.021638824722165873
2021-06-01,France,Games,Tablet,0.0,0.0
2021-06-01,France,Other,PC,20965.465463754743,0.0042813717139129105
2021-06-01,France,Outdoors,Mobile,48973.53794737181,0.010000918914040048
2021-06-01,France,Outdoors,PC,13758.302772231256,0.002809592204013542
2021-06-01,France,Outdoors,Tablet,0.0,0.0
2021-06-01,France,Smartphones,Mobile,0.0,0.0
2021-06-01,France,Smartphones,PC,151616.40961842076,0.030961688335875696
2021-06-01,France,Smartphones,Tablet,0.0,0.0
2021-06-01,Germany,Accessories,Mobile,5838.660166862485,0.0011923166947459814
2021-06-01,Germany,Accessories,PC,0.0,0.0
2021-06-01,Germany,Appliances,Mobile,30276.92746886461,0.006182871592977009
2021-06-01,Germany,Appliances,PC,43176.914943669726,0.008817186656477167
2021-06-01,Germany,Beauty,PC,0.0,0.0
2021-06-01,Germany,Books,PC,0.0,0.0
2021-06-01,Germany,Clothing,PC,28898.042443497805,0.005901288560415696
2021-06-01,Germany,Clothing,Tablet,0.0,0.0
2021-06-01,Germany,Electronics,Mobile,0.0,0.0
2021-06-01,Germany,Electronics,PC,11066.142125682563,0.0022598242791673443
2021-06-01,Germany,Games,PC,0.0,0.0
2021-06-01,Germany,Outdoors,Tablet,8736.447543505903,0.001784075791568491
2021-06-01,Germany,Smartphones,PC,0.0,0.0
2021-06-01,Ireland,Accessories,PC,0.0,0.0
2021-06-01,Ireland,Appliances,PC,5708.557468389655,0.0011657483357411075
2021-06-01,Ireland,Beauty,Mobile,14174.626050016814,0.002894609858805708
2021-06-01,Ireland,Beauty,PC,12286.518116366155,0.002509038075821847
2021-06-01,Ireland,Books,Mobile,14528.818614944408,0.0029669397592021903
2021-06-01,Ireland,Books,PC,0.0,0.0
2021-06-01,Ireland,Clothing,Mobile,0.0,0.0
2021-06-01,Ireland,Clothing,PC,0.0,0.0
2021-06-01,Ireland,Clothing,Tablet,0.0,0.0
2021-06-01,Ireland,Electronics,Mobile,0.0,0.0
2021-06-01,Ireland,Electronics,PC,17837.732661692975,0.0036426553080894735
2021-06-01,Ireland,Games,Mobile,0.0,0.0
2021-06-01,Ireland,Games,PC,10522.025157579077,0.0021487097894687637
2021-06-01,Ireland,Other,Mobile,0.0,0.0
2021-06-01,Ireland,Other,PC,0.0,0.0
2021-06-01,Ireland,Outdoors,Mobile,0.0,0.0
2021-06-01,Ireland,Outdoors,PC,0.0,0.0
2021-06-01,Ireland,Smartphones,Mobile,9017.369725915616,0.0018414430981832151
2021-06-01,Ireland,Smartphones,PC,74247.37511998725,0.015162106093973874
2021-06-01,Italy,Appliances,Mobile,0.0,0.0
2021-06-01,Italy,Books,Mobile,0.0,0.0
2021-06-01,Italy,Books,PC,0.0,0.0
2021-06-01,Italy,Books,Tablet,0.0,0.0
2021-06-01,Italy,Clothing,PC,0.0,0.0
2021-06-01,Italy,Games,PC,0.0,0.0
2021-06-01,Italy,Other,Mobile,19534.703650375646,0.003989194887801512
2021-06-01,Italy,Smartphones,PC,0.0,0.0
2021-06-01,Luxembourg,Accessories,PC,59915.9990244849,0.012235486203620975
2021-06-01,Luxembourg,Appliances,PC,0.0,0.0
2021-06-01,Luxembourg,Beauty,PC,0.0,0.0
2021-06-01,Luxembourg,Beauty,Tablet,0.0,0.0
2021-06-01,Luxembourg,Books,PC,80937.98072187175,0.01652839913537461
2021-06-01,Luxembourg,Clothing,PC,0.0,0.0
2021-06-01,Luxembourg,Electronics,Mobile,0.0,0.0
2021-06-01,Luxembourg,Electronics,PC,0.0,0.0
2021-06-01,Luxembourg,Games,PC,26493.713146065176,0.0054102988677348345
2021-06-01,Luxembourg,Outdoors,PC,0.0,0.0
2021-06-01,Luxembourg,Smartphones,PC,0.0,0.0
2021-06-01,Luxembourg,Smartphones,Tablet,0.0,0.0
2021-06-01,Netherlands,Appliances,PC,0.0,0.0
2021-06-01,Netherlands,Beauty,Tablet,0.0,0.0
2021-06-01,Netherlands,Books,PC,62299.879402828745,0.012722300008868372
2021-06-01,Netherlands,Books,Tablet,8972.000305046757,0.0018321781784264679
2021-06-01,Netherlands,Clothing,PC,0.0,0.0
2021-06-01,Netherlands,Electronics,PC,39213.77120504396,0.00800787042497936
2021-06-01,Netherlands,Games,Mobile,18871.79151638776,0.0038538211578849476
2021-06-01,Netherlands,Games,PC,26778.94619134104,0.005468546498536475
2021-06-01,Netherlands,Outdoors,Mobile,0.0,0.0
2021-06-01,Netherlands,Outdoors,PC,0.0,0.0
2021-06-01,Netherlands,Smartphones,Mobile,0.0,0.0
2021-06-01,Netherlands,Smartphones,PC,0.0,0.0
2021-06-01,Portugal,Accessories,Mobile,0.0,0.0
2021-06-01,Portugal,Accessories,PC,7651.595866730784,0.0015625375056303277
2021-06-01,Portugal,Appliances,Mobile,20722.724954477253,0.004231801512285947
2021-06-01,Portugal,Appliances,PC,210177.92624432678,0.04292057478366039
2021-06-01,Portugal,Appliances,Tablet,0.0,0.0
2021-06-01,Portugal,Beauty,Mobile,15618.357953286903,0.0031894353156418673
2021-06-01,Portugal,Beauty,PC,182655.93301416948,0.03730029015273689
2021-06-01,Portugal,Beauty,Tablet,13939.401871229637,0.0028465745720514567
2021-06-01,Portugal,Books,Mobile,17038.260463812207,0.003479394556260045
2021-06-01,Portugal,Books,PC,128711.97911100498,0.026284359274555077
2021-06-01,Portugal,Books,Unknown,0.0,0.0
2021-06-01,Portugal,Clothing,Mobile,0.0,0.0
2021-06-01,Portugal,Clothing,PC,139220.3448692207,0.02843027966895105
2021-06-01,Portugal,Clothing,Tablet,0.0,0.0
2021-06-01,Portugal,Electronics,Mobile,20086.663745947295,0.004101911027802054
2021-06-01,Portugal,Electronics,PC,94593.88710771318,0.019317080904890323
2021-06-01,Portugal,Electronics,Tablet,42794.27139813587,0.00873904676231683
2021-06-01,Portugal,Games,Mobile,26699.848822272932,0.0054523939719370255
2021-06-01,Portugal,Games,PC,83568.69460770738,0.017065618976149728
2021-06-01,Portugal,Games,Tablet,7486.259811029637,0.001528774119198837
2021-06-01,Portugal,Other,Mobile,8165.554652529566,0.0016674933727652635
2021-06-01,Portugal,Other,PC,51886.02761646636,0.010595680375829782
2021-06-01,Portugal,Outdoors,Mobile,0.0,0.0
2021-06-01,Portugal,Outdoors,PC,170853.74587672047,0.03489015762980594
2021-06-01,Portugal,Outdoors,Tablet,0.0,0.0
2021-06-01,Portugal,Smartphones,Mobile,0.0,0.0
2021-06-01,Portugal,Smartphones,PC,96456.01021718596,0.019697346309562744
2021-06-01,Portugal,Smartphones,Tablet,50326.43993433659,0.010277195932964396
2021-06-01,Spain,Beauty,PC,12194.827456108278,0.002490313864812235
2021-06-01,Spain,Beauty,Tablet,10951.314953703954,0.0022363753456367368
2021-06-01,Spain,Books,PC,0.0,0.0
2021-06-01,Spain,Clothing,PC,39252.85826652462,0.00801585241992684
2021-06-01,Spain,Electronics,Mobile,0.0,0.0
2021-06-01,Spain,Electronics,PC,23466.862392485007,0.0047921836524529296
2021-06-01,Spain,Games,Mobile,21431.552956739564,0.0043765517523491485
2021-06-01,Spain,Games,PC,0.0,0.0
2021-06-01,Spain,Games,Tablet,0.0,0.0
2021-06-01,Spain,Other,PC,0.0,0.0
2021-06-01,Spain,Outdoors,PC,0.0,0.0
2021-06-01,Spain,Smartphones,Mobile,0.0,0.0
2021-06-01,Spain,Smartphones,PC,0.0,0.0
2021-06-01,Sweden,Accessories,PC,74354.85561017989,0.015184054756707062
2021-06-01,Sweden,Appliances,Mobile,22249.52400649708,0.004543590167083408
2021-06-01,Sweden,Appliances,PC,71297.1359355126,0.014559635778419757
2021-06-01,Sweden,Appliances,Tablet,16184.184598218802,0.0033049831529545063
2021-06-01,Sweden,Beauty,Mobile,12668.42949380758,0.002587028453446709
2021-06-01,Sweden,Beauty,PC,51842.80648392723,0.010586854159468584
2021-06-01,Sweden,Beauty,Tablet,0.0,0.0
2021-06-01,Sweden,Books,Mobile,3129.3971451401694,0.0006390562824357844
2021-06-01,Sweden,Books,PC,130655.32644856561,0.026681211533128777
2021-06-01,Sweden,Books,Unknown,8603.791185588749,0.0017569859480618402
2021-06-01,Sweden,Clothing,Mobile,23383.173793744623,0.004775093547773712
2021-06-01,Sweden,Clothing,PC,83890.89142699586,0.017131415003945973
2021-06-01,Sweden,Clothing,Tablet,0.0,0.0
2021-06-01,Sweden,Clothing,Unknown,0.0,0.0
2021-06-01,Sweden,Electronics,Mobile,27469.471777068484,0.00560955918988729
2021-06-01,Sweden,Electronics,PC,72526.35330235622,0.014810655078408735
2021-06-01,Sweden,Electronics,Tablet,0.0,0.0
2021-06-01,Sweden,Games,Mobile,16785.699973216993,0.0034278190096853375
2021-06-01,Sweden,Games,PC,37233.081508993666,0.0076033924584219805
2021-06-01,Sweden,Games,Tablet,17557.814085302638,0.0035854929485306924
2021-06-01,Sweden,Other,PC,20434.161437268758,0.004172873763585136
2021-06-01,Sweden,Other,Tablet,0.0,0.0
2021-06-01,Sweden,Outdoors,Mobile,0.0,0.0
2021-06-01,Sweden,Outdoors,PC,27237.17805642686,0.005562122333949414
2021-06-01,Sweden,Outdoors,Tablet,0.0,0.0
2021-06-01,Sweden,Smartphones,Mobile,0.0,0.0
2021-06-01,Sweden,Smartphones,PC,88118.95679654801,0.017994831058746667
2021-06-01,Sweden,Smartphones,Tablet,0.0,0.0
2021-06-01,UK,Accessories,PC,54929.98967409932,0.011217289901948068
2021-06-01,UK,Appliances,Mobile,57032.34963512868,0.01164661423463103
2021-06-01,UK,Appliances,PC,33299.79951388397,0.006800174313524676
2021-06-01,UK,Beauty,Mobile,0.0,0.0
2021-06-01,UK,Beauty,PC,0.0,0.0
2021-06-01,UK,Beauty,Tablet,16461.238790169493,0.0033615605746525525
2021-06-01,UK,Books,Mobile,13773.465794847863,0.0028126886549957723
2021-06-01,UK,Books,PC,97636.9937787211,0.01993851575193424
2021-06-01,UK,Clothing,Mobile,0.0,0.0
2021-06-01,UK,Clothing,PC,36130.08813550884,0.007378149444474339
2021-06-01,UK,Clothing,Tablet,0.0,0.0
2021-06-01,UK,Electronics,Mobile,0.0,0.0
2021-06-01,UK,Electronics,PC,68318.81006870209,0.01395142986269505
2021-06-01,UK,Electronics,Tablet,0.0,0.0
2021-06-01,UK,Games,PC,17874.717865015613,0.003650208081177799
2021-06-01,UK,Games,Unknown,0.0,0.0
2021-06-01,UK,Other,Mobile,0.0,0.0
2021-06-01,UK,Other,PC,0.0,0.0
2021-06-01,UK,Outdoors,Mobile,0.0,0.0
2021-06-01,UK,Outdoors,PC,22185.57001651139,0.004530530080046945
2021-06-01,UK,Smartphones,PC,40476.132571388735,0.008265658083257138
2021-06-01,UK,Smartphones,Tablet,6205.347805308911,0.0012671982224564035
